Protein ID,Turns,Beta-Strands,Helixes
A0A024R102,,,
A0A024R152,,,
A0A024R167,,,
A0A024R1C4,,,
A0A024R1E2,,,
A0A024R1G4,,,
A0A024R1K2,,,
A0A024R1N5,,,
A0A024R1T4,,,
A0A024R258,,,
A0A024R3J3,,,
A0A024R3N2,,,
A0A024R4A5,,,
A0A024R502,,,
A0A024R5C3,,,
A0A024R5M9,,,
A0A024R734,,,
A0A024R7V7,,,
A0A024R7W4,,,
A0A024R7W5,,,
A0A024R872,,,
A0A024R9L9,,,
A0A024R9U8,,,
A0A024RB65,,,
A0A024RB92,,,
A0A024RBB0,,,
A0A024RBS8,,,
A0A024RD50,,,
A0A024RDH6,,,
A0A024RDX6,,,
A0A075B6E5,,,
A0A075B6F3,,,
A0A075B6W5,,,
A0A075B749,,,
A0A087WT04,,,
A0A087WT45,,,
A0A087WT53,,,
A0A087WU44,,,
A0A087WUA7,,,
A0A087WV02,,,
A0A087WV29,,,
A0A087WV69,,,
A0A087WV97,,,
A0A087WVF7,,,
A0A087WVF8,,,
A0A087WW63,,,
A0A087WW81,,,
A0A087WW92,,,
A0A087WWG1,,,
A0A087WWH3,,,
A0A087WWW7,,,
A0A087WX83,,,
A0A087WX84,,,
A0A087WXD9,,,
A0A087WXI0,,,
A0A087WXK3,,,
A0A087WXU1,,,
A0A087WY31,,,
A0A087WY61,,,
A0A087WZ03,,,
A0A087WZK9,,,
A0A087WZR3,,,
A0A087X0G5,,,
A0A087X0H8,,,
A0A087X0Q1,,,
A0A087X1A8,,,
A0A087X1E4,,,
A0A087X1T2,,,
A0A087X2A7,,,
A0A087X2G3,,,
A0A090N8E7,,,
A0A0A0MQW9,,,
A0A0A0MQZ3,,,
A0A0A0MR11,,,
A0A0A0MR59,,,
A0A0A0MR70,,,
A0A0A0MRA5,,,
A0A0A0MRE6,,,
A0A0A0MRF6,,,
A0A0A0MRS1,,,
A0A0A0MS38,,,
A0A0A0MS57,,,
A0A0A0MSI2,,,
A0A0A0MSK5,,,
A0A0A0MSK6,,,
A0A0A0MSP7,,,
A0A0A0MT00,,,
A0A0A0MT33,,,
A0A0A0MT46,,,
A0A0A0MT56,,,
A0A0A0MTC1,,,
A0A0A6YYG5,,,
A0A0B4J276,,,
A0A0C4DFN5,,,
A0A0C4DFQ4,,,
A0A0C4DFR1,,,
A0A0C4DG40,,,
A0A0C4DG68,,,
A0A0C4DG88,,,
A0A0C4DG90,,,
A0A0C4DG93,,,
A0A0C4DGG8,,,
A0A0C4DGH3,,,
A0A0C4DGI9,,,
A0A0C4DGT9,,,
A0A0C4DGU8,,,
A0A0D9SF16,,,
A0A0G2JHL6,,,
A0A0G2JII5,,,
A0A0G2JM16,,,
A0A0G2JN70,,,
A0A0G2JNU8,,,
A0A0G2JPA4,,,
A0A0G2JPU2,,,
A0A0G2JQM2,,,
A0A0G2JR50,,,
A0A0G2JS92,,,
A0A0G2JSD9,,,
A0A0H3W5T2,,,
A0A0J9YXJ0,,,
A0A0J9YY01,,,
A0A0K2GUT3,,,
A0A0M3L9V7,,,
A0A0S2Z417,,,
A0A0S2Z454,,,
A0A0S2Z4C8,,,
A0A0S2Z4N0,,,
A0A0S2Z596,,,
A0A0S2Z5C2,,,
A0A0S2Z5G4,,,
A0A0S2Z5M2,,,
A0A0U1RQC7,,,
A0A0U1RQE0,,,
A0A0U1RQE6,,,
A0A0U1RQK4,,,
A0A0U1RQM2,,,
A0A0U1RQP7,,,
A0A0U1RQR8,,,
A0A0U1RQY3,,,
A0A0U1RR87,,,
A0A0U1RRA6,,,
A0A0U1RRL7,,,
A0A0U1RRM6,,,
A0A0U3MX95,,,
A0A0U4C5A9,,,
A0A120HV04,,,
A0A140T936,,,
A0A140TA74,,,
A0A140VJN1,,,
A0A172Q381,,,
A0A1B0GTC4,,,
A0A1B0GTD9,,,
A0A1B0GTI1,,,
A0A1B0GTN9,,,
A0A1B0GTR8,,,
A0A1B0GTU5,,,
A0A1B0GTW1,,,
A0A1B0GTW2,,,
A0A1B0GU09,,,
A0A1B0GU24,,,
A0A1B0GU44,,,
A0A1B0GU65,,,
A0A1B0GU81,,,
A0A1B0GU98,,,
A0A1B0GUM1,,,
A0A1B0GUN0,,,
A0A1B0GUN3,,,
A0A1B0GUS3,,,
A0A1B0GUZ3,,,
A0A1B0GV03,,,
A0A1B0GV92,,,
A0A1B0GVI7,,,
A0A1B0GVQ3,,,
A0A1B0GVR9,,,
A0A1B0GVZ7,,,
A0A1B0GW10,,,
A0A1B0GW31,,,
A0A1B0GX09,,,
A0A1C7CYY9,,,
A0A1U9X799,,,
A0A1U9X7A9,,,
A0A1U9X7G7,,,
A0A1U9X7H1,,,
A0A1U9X996,,,
A0A1U9X9A5,,,
A0A1W2PNE7,,,
A0A1W2PNT5,,,
A0A1W2PNZ9,,,
A0A1W2PPK0,,,
A0A1W2PPM1,,,
A0A1W2PQ15,,,
A0A1W2PQJ7,,,
A0A1W2PQS1,,,
A0A1W2PQY5,,,
A0A1W2PS63,,,
A0A286YF23,,,
A0A2P9A9S7,,,
A0A2P9AAK9,,,
A0A2P9ABC1,,,
A0A2P9ACB3,,,
A0A2P9ACR8,,,
A0A2P9ADH8,,,
A0A2P9ADL1,,,
A0A2P9AF48,,,
A0A2P9AFP6,,,
A0A2P9AJP0,,,
A0A2P9AJR6,,,
A0A2P9AMK5,,,
A0A2P9ANC4,,,
A0A2P9AQT4,,,
A0A2P9ASM3,,,
A0A2P9ASM9,,,
A0A2P9ATD0,,,
A0A2P9ATS8,,,
A0A2P9ATU8,,,
A0A2P9AVQ3,,,
A0A2P9AWH6,,,
A0A2P9AXX3,,,
A0A2P9AXZ7,,,
A0A2Q2TH77,,,
A0AUX1,,,
A0AUY7,,,
A0PJB6,,,
A1A5A9,,,
A1A5D9,,,
A1L0S7,,,
A1L0S8,,,
A2A305,,,
A2BDE7,,,
A2NFR4,,,
A2RRS3,,,
A2RUB6,,,
A2VCQ9,,,
A2VDH9,,,
A2VDJ0,,,
A2VDJ4,,,
A3KFK1,,,
A3KFK2,,,
A3KMG1,,,
A4D0S4,,,
A4D1A8,,,
A4D1E1,,,
A4D1E4,,,
A4D2E1,,,
A4FU49,,,
A4FU96,,,
A4FU97,,,
A4QPE1,,,
A4UGR9,,,
A5D8W1,,,
A5D8Z4,,,
A5HML1,,,
A5PLL1,,,
A6H8W8,,,
A6H8X0,,,
A6NC89,,,
A6NE01,,,
A6NEM2,,,
A6NGG8,,,
A6NIY4,,,
A6NK53,,,
A6NKU9,,,
A6NNK5,,,
A6NP16,,,
A7MBM6,,,
A7MCY6,,,
A8CTZ0,,,
A8K033,,,
A8K081,,,
A8K122,,,
A8K194,,,
A8K2Z9,,,
A8K3W4,,,
A8K3Y6,,,
A8K720,,,
A8K8L1,,,
A8K8P3,,,651-659
A8KAH2,,,
A8MTU2,,,
A8MUV4,,,
A8MV53,,,
A8MZ36,,,
B0I1S4,,,
B0QY86,,,
B0QYS6,,,
B0QYS7,,,
B0QZ55,,,
B0YIZ1,,,
B0YJC5,,,
B1AHD1,,,
B1AJU2,,,
B1AKD8,,,
B1AL88,,,
B1AMA2,,,
B1APH4,,,
B1AQ29,,,
B2BY28,,,
B2R8A2,,,
B2RA86,,,
B2RCA2,,,
B2REC8,,,
B2RTQ5,,,
B2RXF0,,,
B2ZDQ1,,,
B3KM38,,,
B3KM60,,,
B3KMZ9,,,
B3KN48,,,
B3KP57,,,
B3KQ62,,,
B3KQW0,,,
B3KR37,,,
B3KRA8,,,
B3KRE9,,,
B3KRK0,,,
B3KRK8,,,
B3KRM3,,,
B3KS47,,,
B3KS98,,,
B3KSB3,,,
B3KSX2,,,
B3KT42,,,
B3KTH8,,,
B3KTN0,,,
B3KTW4,,,
B3KU37,,,
B3KU63,,,
B3KUM1,,,
B3KUR6,,,
B3KUU9,,,
B3KVE2,,,
B3KWH4,,,
B3KWP2,,,
B3KWU4,,,
B3KWW8,,,
B3KX39,,,
B3KXF6,,,
B3KXK2,,,
B3KXW9,,,
B3KYA9,,,
B3VRK5,,,
B3VTS8,,,
B4DDE7,,,
B4DDZ2,,,
B4DE42,,,
B4DE54,,,
B4DEM8,,,
B4DEQ6,,,
B4DEY4,,,
B4DF07,,,
B4DF22,,,
B4DF54,,,
B4DFD9,,,
B4DFX6,,,
B4DG08,,,
B4DG60,,,
B4DG61,,,
B4DGD6,,,
B4DGF6,,,
B4DGQ9,,,
B4DH21,,,
B4DH37,,,
B4DH66,,,
B4DH95,,,
B4DHA1,,,
B4DHH6,,,
B4DHH8,,,
B4DHI1,,,
B4DHK1,,,
B4DIB6,,,
B4DIN7,,,
B4DIR9,,,
B4DIS0,,,
B4DJH6,,,
B4DJV8,,,
B4DK97,,,
B4DKB9,,,
B4DKI9,,,
B4DKU3,,,
B4DKV6,,,
B4DL21,,,
B4DL88,,,
B4DL98,,,
B4DLC8,,,
B4DLE1,,,
B4DLU3,,,
B4DLW1,,,
B4DM27,,,
B4DM43,,,
B4DM66,,,
B4DMA8,,,
B4DMB2,,,
B4DMK5,,,
B4DMV4,,,
B4DN36,,,
B4DN68,,,
B4DN85,,,
B4DNR7,,,
B4DPC1,,,
B4DPG6,,,
B4DPK0,,,
B4DPR1,,,
B4DPU0,,,
B4DPV2,,,
B4DPW8,,,
B4DQ49,,,
B4DQL3,,,
B4DQN8,,,
B4DQR8,,,
B4DQW7,,,
B4DR08,,,
B4DR65,,,
B4DRB6,,,
B4DRP8,,,
B4DRS8,,,
B4DRU9,,,
B4DRX0,,,
B4DSN8,,,
B4DST1,,,
B4DT23,,,
B4DT65,,,
B4DT94,,,
B4DTD4,,,
B4DTP3,,,
B4DTW9,,,
B4DTY7,,,
B4DTZ9,,,
B4DU05,,,
B4DU15,,,
B4DU24,,,
B4DU33,,,
B4DU44,,,
B4DUB1,,,
B4DUE5,,,
B4DUF7,,,
B4DUG4,,,
B4DV06,,,
B4DVQ2,,,
B4DVS8,,,
B4DVV1,,,
B4DWB3,,,
B4DWF6,,,
B4DWL1,,,
B4DWR5,,,
B4DX23,,,
B4DX26,,,
B4DX97,,,
B4DXH2,,,
B4DY25,,,
B4DY59,,,
B4DY85,,,
B4DYE2,,,
B4DYF4,,,
B4DYF9,,,
B4DYM7,,,
B4DYQ1,,,
B4DYR7,,,
B4DYT5,,,
B4DYU3,,,
B4DYU7,,,
B4DZ54,,,
B4DZ64,,,
B4DZF6,,,
B4DZJ6,,,
B4DZM1,,,
B4DZX0,,,
B4E008,,,
B4E063,,,
B4E091,,,
B4E0A3,,,
B4E0R5,,,
B4E129,,,
B4E151,,,
B4E1D4,,,
B4E1M3,,,
B4E1U2,,,
B4E1Z2,,,
B4E231,,,
B4E247,,,
B4E2D4,,,
B4E2J7,,,
B4E2K2,,,
B4E2V3,,,
B4E392,,,
B4E3H4,,,
B4E3L4,,,
B4E3N9,,,
B5MCF1,,,
B5MCG9,,,
B5MCN7,,,
B5MCU0,,,
B5MCX3,,,
B5MD46,,,
B7WNT5,,,
B7Z240,,,
B7Z2H6,,,
B7Z2S1,,,
B7Z2U5,,,
B7Z3A4,,,
B7Z3J2,,,
B7Z432,,,
B7Z4B8,,,
B7Z5C6,,,
B7Z5H6,,,
B7Z5W0,,,
B7Z695,,,
B7Z6D2,,,
B7Z7D4,,,
B7Z7H3,,,
B7Z803,,,
B7Z863,,,
B7Z876,,,
B7Z879,,,
B7Z8E3,,,
B7Z8F8,,,
B7Z8I2,,,
B7Z8J2,,,
B7Z8L3,,,
B7Z8M2,,,
B7Z8M9,,,
B7Z8V6,,,
B7Z954,,,
B7ZA74,,,
B7ZKX1,,,
B7ZL21,,,
B7ZL72,,,
B7ZLC4,,,
B7ZLH2,,,
B7ZLK5,,,
B7ZLN9,,,
B7ZMJ3,,,
B8XCX8,,,
B9DI82,,,
B9EIJ4,,,
B9EK46,,,
B9EK61,,,
C0JKD5,,,
C0JKD6,,,
C0LUL1,,,
C7AZ55,,,
C9J0Q5,,,
C9J1N5,,,
C9J235,,,
C9J2C1,,,
C9J4L5,,,
C9J4Q7,,,
C9J5T4,,,
C9J715,,,
C9J7T7,,,
C9J835,,,
C9J896,,,
C9JA20,,,
C9JBE8,,,
C9JBI8,,,
C9JC47,,,
C9JCQ3,,,
C9JD84,,,
C9JDD7,,,
C9JEK5,,,
C9JES0,,,
C9JH18,,,
C9JHW1,,,
C9JIR0,,,
C9JJ12,,,
C9JJK5,,,
C9JJY0,,,
C9JJZ6,,,
C9JLN7,,,
C9JN33,,,
C9JQP8,,,
C9JQV6,,,
C9JS61,,,
C9JTA2,,,
C9JUG3,,,
C9JVY5,,,
C9JWK5,,,
C9JYI7,,,
C9K086,,,
C9K0C9,,,
C9K0S7,,,
D2CT63,,,
D2CT64,,,
D2CT65,,,
D2CT66,,,
D2CT68,,,
D2CT69,,,
D2CT71,,,
D2CT72,,,
D2CT73,,,
D2CTD2,,,
D2CTD5,,,
D2CTD6,,,
D2CTD9,,,
D2CTE1,,,
D2CTE3,,,
D2CTE8,,,
D2CTE9,,,
D2CTF0,,,
D2CTF1,,,
D2CTF2,,,
D2CTF3,,,
D2CTF4,,,
D2CTF5,,,
D2CTF7,,,
D2CTF8,,,
D2CTG1,,,
D2CTG3,,,
D2KF13,,,
D3DQT7,,,
D3DR32,,,
D3DSN9,,,
D3DT44,,,
D3DTW3,,,
D3DUR9,,,
D3DUX0,,,
D3DV25,,,
D3DVA8,,,
D3DVB3,,,
D3DVJ3,,,
D3DW56,,,
D3DWL0,,,
D3DWY6,,,
D3VVA9,,,
D3VVB0,,,
D3VVB2,,,
D3VVB3,,,
D3VVB6,,,
D3VVC4,,,
D3VVC7,,,
D3VVC9,,,
D3VVD1,,,
D3VVD3,,,
D3VVD6,,,
D3VVD9,,,
D3VVE3,,,
D3VVE5,,,
D3VVE6,,,
D3VVF3,,,
D3VVF6,,,
D3VVF7,,,
D3VVF9,,,
D3VVG0,,,
D3VVG1,,,
D3VVG4,,,
D3VVG5,,,
D3VVH0,,,
D3VVH3,,,
D3VVH4,,,
D3VVH5,,,
D3VVH7,,,
D3VVH8,,,
D3VVI0,,,
D3VVI1,,,
D3VVI2,,,
D3VVI3,,,
D3VVI5,,,
D3VVI8,,,
D3VVJ1,,,
D3VVJ2,,,
D3VVJ4,,,
D3VVJ5,,,
D3VVJ7,,,
D3VVJ8,,,
D3VVJ9,,,
D3VVK1,,,
D3VVK3,,,
D3VVK7,,,
D3VVK8,,,
D3VVL2,,,
D3VVL4,,,
D3VVL5,,,
D3VVL6,,,
D3VVL7,,,
D3VVL8,,,
D3VVL9,,,
D3VVM0,,,
D3VVM1,,,
D3VVM3,,,
D3VVM4,,,
D3VVM5,,,
D3VVN0,,,
D3VVN1,,,
D3VVN2,,,
D3VVN3,,,
D3VVN4,,,
D3VVN5,,,
D3VVN7,,,
D3VVN9,,,
D3VVP0,,,
D3VVP4,,,
D3VVP5,,,
D3VVP8,,,
D3VVP9,,,
D3VVQ3,,,
D3VVQ5,,,
D3VVQ6,,,
D3VVQ7,,,
D3VVR2,,,
D3VVR3,,,
D3VVR4,,,
D3VVR5,,,
D3VVR6,,,
D3VVR7,,,
D3VVR8,,,
D3VVR9,,,
D3VVS0,,,
D3VVS1,,,
D3VVS5,,,
D3VVT0,,,
D3VVT1,,,
D3VVT6,,,
D3YTJ2,,,
D5HR46,,,
D6PAV9,,,
D6RBH1,,,
D6RC65,,,
D6RD21,,,
D6RDY6,,,
D6REC4,,,
D6REX3,,,
D6RF55,,,
D6RFM1,,,
D6RGZ3,,,
D6RIA3,,,
D6RTK6,,,
D6W623,,,
E5RGT6,,,
E5RH64,,,
E7ENC5,,,
E7ENN3,,,
E7ENS9,,,
E7EPJ2,,,
E7EPN6,,,
E7EPN9,,,
E7EQS8,,,
E7ER26,,,
E7ERW7,,,
E7ESB6,,,
E7ESR8,,,
E7ET67,,,
E7ETD6,,,
E7EU81,,,
E7EVZ1,,,
E7EWD6,,,
E7EWM1,,,
E7EX82,,,
E9PAK5,,,
E9PBB9,,,
E9PC87,,,
E9PD50,,,
E9PDN5,,,
E9PE19,,,
E9PE96,,,
E9PED7,,,
E9PF19,,,
E9PFB4,,,
E9PFB9,,,
E9PFH2,,,
E9PHH0,,,
E9PIY2,,,
E9PL27,,,
E9PL74,,,
E9PLV1,,,
E9PMC9,,,
E9PMP7,,,
E9PMS6,,,
E9PMT2,,,
E9PN76,,,
E9PNA6,,,
E9PP99,,,
E9PQ01,,,
E9PQM3,,,
E9PR38,,,
E9PRS0,,,
E9PSG0,,,
F1D8P7,,,
F1T0K4,,,
F2FB34,,,
F2Z3A8,,,
F5GWA7,,,
F5GWT4,,,
F5GXF5,,,
F5GXQ8,,,
F5GZK9,,,
F5H0I3,,,
F5H211,,,
F5H269,,,
F5H2E6,,,
F5H2X7,,,
F5H4B6,,,
F5H4N4,,,
F5H7D6,,,
F5H8E7,,,
F6QTA4,,,
F6X344,,,
F6XZD3,,,
F8VQP2,,,
F8VSD5,,,
F8VU11,,,
F8VU39,,,
F8VU56,,,
F8VVW7,,,
F8VVX6,,,
F8VW95,,,
F8VWL0,,,
F8VX55,,,
F8VXC8,,,
F8VYL0,,,
F8VZC1,,,
F8W108,,,
F8W1J4,,,
F8W6A0,,,
F8W726,,,
F8W785,,,
F8W946,,,
F8W9F9,,,
F8WAE6,,,
F8WB05,,,
F8WB06,,,
F8WCI3,,,
F8WCU9,,,
F8WD26,,,
F8WEU7,,,
G3V1P5,,,
G3V1Q5,,,
G3V236,,,
G3V2G1,,,
G3V2G2,,,
G3V2J9,,,
G3V3R7,,,
G3V3T6,,,
G3V3U6,,,
G3V4R8,,,
G3V4Y7,,,
G3V577,,,
G3V599,,,
G5E963,,,
G5EA06,,,
G5EA30,,,
H0Y2M0,,,
H0Y2R3,,,
H0Y2R6,,,
H0Y2W2,,,
H0Y2X5,,,
H0Y2Y8,,,
H0Y362,,,
H0Y390,,,
H0Y3K4,,,
H0Y424,,,
H0Y474,,,
H0Y488,,,
H0Y493,,,
H0Y4E8,,,
H0Y4R4,,,
H0Y5D5,,,
H0Y5I7,,,
H0Y623,,,
H0Y638,,,
H0Y6K5,,,
H0Y6Y0,,,
H0Y720,,,
H0Y765,,,
H0Y7H8,,,
H0Y7J9,,,
H0Y7L6,,,
H0Y7M0,,,
H0Y7R3,,,
H0Y7T5,,,
H0Y7V5,,,
H0Y7Z4,,,
H0Y803,,,
H0Y865,,,
H0Y867,,,
H0Y882,,,
H0Y8P2,,,
H0Y8V7,,,
H0Y8W8,,,
H0Y904,,,
H0Y920,,,
H0Y961,,,
H0Y9G8,,,
H0Y9P1,,,
H0YAB3,,,
H0YAD4,,,
H0YB49,,,
H0YBB6,,,
H0YBC8,,,
H0YBG5,,,
H0YBS0,,,
H0YBV3,,,
H0YCE3,,,
H0YCS3,,,
H0YDE2,,,
H0YDJ4,,,
H0YDK8,,,
H0YDM2,,,
H0YDN1,,,
H0YDP6,,,
H0YDQ3,,,
H0YDQ5,,,
H0YEH2,,,
H0YEL0,,,
H0YET8,,,
H0YEZ9,,,
H0YF09,,,
H0YFY6,,,
H0YG27,,,
H0YGK7,,,
H0YGV0,,,
H0YH79,,,
H0YH87,,,
H0YHX7,,,
H0YI12,,,
H0YIR4,,,
H0YJ97,,,
H0YJV5,,,
H0YK27,,,
H0YKH5,,,
H0YLI3,,,
H0YLQ3,,,
H0YM23,,,
H0YMR0,,,
H3BM60,,,
H3BMH7,,,
H3BPE1,,,
H3BQK9,,,
H3BRN2,,,
H3BSE0,,,
H3BSM9,,,
H3BTQ1,,,
H7BXG7,,,
H7BXU4,,,
H7BY04,,,
H7BY37,,,
H7BY63,,,
H7BYJ9,,,
H7BZ55,,,
H7BZ76,,,
H7BZK0,,,
H7BZV2,,,
H7BZV6,,,
H7BZW9,,,
H7C066,,,
H7C080,,,
H7C0E9,,,
H7C0G7,,,
H7C0P0,,,
H7C1C4,,,
H7C1I2,,,
H7C1L2,,,
H7C1L3,,,
H7C1T1,,,
H7C269,,,
H7C2W2,,,
H7C2Y0,,,
H7C308,,,
H7C3I0,,,
H7C3L1,,,
H7C3M8,,,
H7C3N7,,,
H7C3R1,,,
H7C446,,,
H7C488,,,
H7C4L7,,,
H7C4S7,,,
H7C4U7,,,
H7C4Z9,,,
H7C535,,,
H7C5F9,,,
H7C5G6,,,
H7C5L8,,,
H7C5T8,,,
H9KVA9,,,
H9XFB6,,,
I1E4Y6,,,
I1VE16,,,
I3L0A5,,,
I3L1L3,,,
I3L251,,,
I3L286,,,
I3L2I2,,,
I3L414,,,
I3L466,,,
I6L9B5,,,
I6L9E8,,,
I6W807,,,
J3KN66,,,
J3KNL2,,,
J3KP06,,,
J3KP97,,,
J3KPG5,,,
J3KPJ0,,,
J3KPQ8,,,
J3KPY5,,,
J3KQH6,,,
J3KRP8,,,
J3KRW6,,,
J3KRY8,,,
J3KS16,,,
J3KSK9,,,
J3KSU3,,,
J3KTB6,,,
J3KTD4,,,
J3KTN9,,,
J3QK86,,,
J3QK89,,,
J3QL04,,,
J3QLR4,,,
J3QQM3,,,
J3QQT0,,,
J3QR12,,,
J3QRH7,,,
J3QS41,,,
J3QSH4,,,
J3QT09,,,
J9JIC7,,,
J9JIH8,,,
K3W4U1,,,
K4DI93,,,
K4DI94,,,
K4DIE0,,,
K7EIF9,,,
K7EIZ8,,,
K7EJB6,,,
K7EJR7,,,
K7EK50,,,
K7EK93,,,
K7EKF7,,,
K7EKI0,,,
K7ELG0,,,
K7EMP1,,,
K7ENS1,,,
K7EPA1,,,
K7EQ61,,,
K7EQ95,,,
K7EQH5,,,
K7EQY9,,,
K7ERU2,,,
K9JA49,,,
L0R4V2,,,
L7R9R4,,,
L8ECN6,,,
M0QX46,,,
M0QY43,,,
M0QZ42,,,
M0R3F1,,,
M5FMX3,,,
O00308,"351-354
574-577
698-700
713-716","348-350
355-359
512-519
542-548
579-586
588-591
674-676
683-685
765-768
817-819
822-824
829-831
834-836
841-843","363-386
495-509
521-523
524-533
537-541
556-570
595-597
601-617
628-634
641-647
649-657
691-693
702-712
718-731
734-737
742-750
757-762
774-785
788-799
809-811
837-839
850-862"
O00461,,,
O00555,,,1956-1970
O14497,"1100-1107
1109-1111","1014-1016
1045-1048","1010-1012
1018-1033
1051-1061
1066-1068
1072-1079
1087-1099"
O14595,"96-100
110-112","103-106
113-118
124-131
134-142
157-162
183-187
192-195
198-200
206-208
213-218
230-232","146-156
167-177
189-191
203-205
210-212
220-223
227-229
244-255
261-268"
O14646,"303-306
309-311
363-365
1285-1287","273-284
314-322
331-333
390-401
407-413
422-425
1201-1204
1207-1210
1249-1251
1280-1283
1486-1488","290-292
294-300
327-329
335-340
347-360
375-387
418-420
426-442
1128-1138
1144-1146
1148-1154
1162-1180
1211-1227
1232-1236
1255-1268
1273-1278
1299-1324
1411-1420
1425-1432
1440-1463
1468-1484
1490-1504"
O14649,,,
O14672,"397-399
476-478
491-495
505-507
556-559
633-636","219-228
269-277
313-322
329-331
336-338
348-350
359-367
462-464
509-511
523-525
529-531
553-555
560-563
566-569
577-580
597-600
630-632
637-639
645-647","230-236
239-258
280-284
297-305
324-326
374-388
401-403
407-411
428-430
434-447
448-450
571-575
604-606
614-617"
O14686,"5445-5447
5464-5466","5399-5403
5405-5415
5422-5425
5428-5432
5452-5454
5456-5462
5480-5488
5491-5500
5516-5520
5534-5536","5339-5341
5384-5398
5433-5444
5469-5472"
O14726,,,
O14776,"441-443
450-453
461-463
549-552
560-564
576-578
661-663
726-728
825-827
1059-1062","103-105
435-440
444-449
454-458
523-528
530-533
535-542
544-548
652-656
677-679
721-723
783-786
888-890","567-573
669-672
681-689
692-696
705-710
713-720
747-752
758-762
773-780
798-804
814-821
833-840
895-910
918-925
929-934
939-966
977-984
988-991
997-1025
1033-1039
1042-1051
1055-1058
1064-1076"
O14893,"161-164
172-174
273-275","65-68
158-160","48-62
100-121
141-148
152-155
180-183
188-200
201-203
209-221
228-244
245-247
255-268"
O14910,,,
O14965,"153-155
172-174","133-141
143-152
158-165
191-193
196-201
203-210
214-217
262-264
266-268
270-272
280-283
287-289
350-352","130-132
166-171
175-185
218-225
230-249
259-261
275-277
290-292
293-295
298-302
307-309
310-324
334-342
354-363
368-370
374-378
381-386"
O15063,,,
O15212,,,
O15265,"343-345
352-354",378-380,"369-374
382-393"
O15302,,,
O15320,,,
O15372,"154-156
216-219","39-42
64-71
76-83
115-121
148-152
164-169
197-200
203-206","43-59
97-109
132-143
209-215"
O15400,,,
O15405,,,
O15409,,"562-567
568-572","509-519
527-541
545-558
577-583"
O15418,,,
O15480,,,
O15516,,61-63,"33-58
70-89"
O43180,,,
O43186,,,
O43670,,,
O43765,,,"5-21
26-43
48-51
58-65
87-103
107-120
125-137
141-154
159-171
175-188
193-206"
O60293,,,
O60299,,,
O60374,,,
O60424,,,
O60583,"69-71
74-76
143-145",,"9-11
15-19
22-25
30-50
55-68
79-93
100-111
123-142
152-162
167-183
186-188
192-207
220-223
230-245
248-261"
O60663,,,
O60741,"209-211
219-221
474-477","130-133
337-339
362-364
492-496
501-503
505-507
511-523
525-527
541-545
551-565","95-102
108-114
117-127
140-166
173-195
212-218
222-229
232-241
253-264
265-269
270-289
293-322
330-333
341-357
369-400
402-421
425-439
446-452
455-472
481-490
566-575
577-584"
O60885,"89-93
656-658
676-678
1355-1357","53-55
342-346
412-414
435-437
651-655","61-68
70-75
81-83
97-100
107-115
122-139
145-161
350-364
367-369
370-373
374-376
382-385
390-393
400-408
415-432
438-454
602-605
612-624
627-640
642-644
661-675
1345-1354"
O75030,,,357-401
O75038,,,
O75052,,,
O75064,,,
O75069,,,
O75157,,,
O75179,,,
O75348,,,
O75376,,2048-2050,"442-454
459-465
471-481
2051-2063
2262-2272"
O75396,"10-12
100-105
109-112
124-126
129-131","5-9
15-19
50-56
59-66
69-76
150-152","30-43
81-99
113-115
116-123
153-156"
O75420,66-68,,"43-48
58-61
63-65
77-79
84-92
97-100"
O75449,,,
O75460,"47-49
77-79
211-213
359-361
581-583
691-693
701-703
958-960","32-37
40-46
52-57
73-75
82-84
93-95
120-128
154-164
168-172
176-182
197-201
205-209
216-221
226-231
238-240
243-246
280-284
286-288
297-300
564-566
567-580
584-591
594-601
628-633
638-642
645-648
694-697
707-709
793-795
854-856
874-878
888-890
952-954","100-104
247-264
273-279
603-605
606-617
649-655
657-661
665-681
712-714
740-743
754-768
778-780
781-787
800-812
817-819
823-827
830-832
835-849
857-865
867-870
880-887
897-909
911-913
916-922
927-936
940-947
948-951
955-957"
O75529,,,
O75589,,,
O75791,,"80-84
86-88
91-97
99-109
115-119
121-124
139-141","65-73
125-134"
O75909,"82-84
87-89
151-153
193-196
256-258","21-23
226-228
239-241
259-261","28-33
35-38
43-63
68-81
92-106
113-123
126-129
130-132
136-150
160-169
175-192
197-199
203-218
222-225
234-237
244-255"
O76031,,,
O76037,,,
O76064,"404-406
431-433
438-440","16-22
29-32
38-49
64-68
74-78
85-87
105-109
119-128
411-416
421-423
447-449","56-58
129-132
133-135
351-400
424-430
451-461
466-480"
O76074,"118-120
342-345
388-390
427-429
476-478
555-557
606-608
631-633
653-656
700-703","115-117
121-124
182-192
198-205
208-210
213-218
221-224
240-243
266-272
278-287
365-372
374-376
379-387
391-393
422-425
431-433
451-457
461-471
610-614
677-679
746-748","103-106
148-160
165-177
228-236
245-247
254-259
299-340
346-362
400-403
407-409
410-418
486-506
535-545
551-554
568-581
584-587
592-604
615-630
635-637
640-652
662-667
671-675
680-694
706-722
725-740
749-764
766-769
772-796
803-805
807-812
813-823
825-835
837-839
840-857"
O76094,"567-570
580-582",,"11-23
27-40
45-57
61-70
72-75
81-90
94-102
109-121
125-138
144-158
563-566
590-602"
O94759,,,
O94829,"112-114
135-138
231-233
253-255
350-353
483-486
528-530
563-565
758-760
783-785
858-860
874-876",716-718,"23-35
39-54
58-65
72-88
90-92
95-97
98-111
117-134
142-150
160-177
195-197
198-209
216-230
236-238
240-249
256-267
272-274
276-287
290-298
302-325
327-329
330-344
355-360
361-371
376-401
406-410
414-438
440-455
463-476
487-494
495-497
503-515
517-522
524-527
531-537
541-543
544-557
559-561
566-578
584-598
603-625
631-650
676-695
699-715
721-723
724-737
741-754
762-781
787-803
805-809
815-825
831-844
845-847
853-857
862-873
879-881
882-895
897-907
920-930
937-952"
O94830,,,
O94876,,,
O94913,,,
O94916,,"275-277
280-286
310-312
315-320
325-337
342-348
358-362
365-372
379-381
384-389
410-420
422-424
426-432
446-451
454-456
462-468
475-482
489-492
501-507
520-528
537-542","374-376
392-396
496-498"
O94927,,,
O94964,,,
O94967,,,
O94979,,841-843,
O94986,,,21-35
O95104,,,
O95155,"1235-1237
1248-1250
1269-1271
1296-1298","1242-1246
1252-1254","1230-1232
1255-1264
1277-1279
1284-1294"
O95235,,,
O95239,,,
O95264,,,
O95319,"104-106
458-460","42-45
66-74
76-79
81-92
117-120
133-138
158-165
167-169
171-182
206-209
424-429
449-456
463-473
495-498
504-506","53-60
61-63
93-103
122-124
129-131
145-152
153-155
183-192
436-443
444-446
474-484"
O95387,,,
O95479,,,
O95613,,,
O95630,"78-82
369-372","257-260
282-290
293-301
304-306
311-313
329-336
338-340
363-368
373-379
404-407
409-414
419-422","11-22
33-53
56-71
74-76
88-97
99-137
263-276
316-326
346-358
381-389"
O95670,,,
O96020,,,
P01266,,,
P02751,"81-83
100-102
128-131
172-175
189-192
206-208
218-221
234-237
263-266
311-313
353-356
413-417
501-504
548-551
564-566
592-595
648-651
757-759
1213-1215
1669-1671
2281-2284","52-54
57-59
64-69
72-78
85-89
96-98
105-107
111-116
119-127
132-136
140-143
146-149
153-157
161-171
176-181
185-188
193-196
200-205
209-217
222-226
230-233
238-241
245-249
251-253
255-262
267-271
302-304
307-309
315-317
321-326
329-336
339-344
360-366
369-373
381-383
385-391
398-401
422-426
429-433
440-442
445-451
458-460
469-471
477-479
483-485
490-492
495-500
505-513
517-520
523-526
529-534
540-547
552-557
559-562
569-571
575-578
585-591
596-601
613-615
626-631
634-636
638-647
655-659
661-664
665-668
673-688
690-699
736-739
747-756
764-769
774-777
785-794
799-808
818-822
824-830
839-847
854-859
864-869
875-883
892-897
914-917
920-926
931-933
934-943
951-954
955-958
961-966
972-981
989-994
1178-1184
1186-1189
1191-1196
1199-1202
1205-1212
1221-1225
1231-1233
1239-1241
1243-1251
1259-1263
1271-1277
1283-1288
1296-1304
1312-1316
1322-1325
1333-1342
1350-1355
1362-1368
1374-1379
1386-1394
1402-1406
1412-1415
1423-1432
1440-1445
1452-1460
1463-1469
1476-1484
1487-1489
1492-1497
1502-1505
1513-1522
1525-1527
1534-1539
1548-1553
1558-1562
1570-1581
1586-1590
1596-1599
1607-1615
1621-1630
1639-1644
1647-1651
1662-1668
1672-1676
1686-1689
1696-1704
1706-1708
1714-1719
1726-1733
1738-1743
1751-1763
1766-1770
1776-1779
1787-1796
1804-1809
1818-1825
1830-1835
1843-1853
1857-1861
1866-1870
1878-1887
1895-1900
1907-1915
1918-1924
1932-1938
1957-1960
1968-1977
1985-1990
2115-2122
2130-2141
2146-2151
2156-2163
2166-2176
2179-2189
2253-2255
2263-2267
2269-2280
2285-2290","392-395
403-405
452-455
465-467
732-734
1305-1307
1308-1310"
P02808,,,
P06727,,278-280,"97-113
114-116
117-223
224-226
231-276
282-307
310-329"
P06734,"227-230
247-252","159-162
164-166
168-170
173-182
196-198
215-217
219-226
231-234
253-256
259-262
264-266
268-271
277-285
287-289
291-294","184-193
204-211"
P06850,,,"159-171
180-193"
P07101,"216-218
223-226
335-337
404-407
492-495","317-320
338-341
409-412
415-418
435-442
455-457
460-466
485-491
496-500","201-206
228-243
257-277
280-292
303-314
327-334
359-365
367-370
373-386
391-403
421-424
427-433
445-449
468-480
503-526"
P07357,"52-54
158-161
183-186
192-195
450-452
503-505","56-60
63-65
78-83
97-101
103-105
116-118
121-123
127-129
140-143
154-157
162-168
179-182
189-191
196-198
204-207
212-217
226-232
246-252
260-266
287-303
305-308
339-358
416-421
455-463
508-511
514-517
525-527
552-554
556-559
578-582","111-113
149-152
201-203
233-243
273-280
312-319
327-337
359-365
369-379
398-402
408-413
443-449
464-470
477-491
496-498"
P07476,,,
P08047,"661-663
678-680
689-692","620-622
636-638
666-668","640-651
670-677
699-706
707-709"
P08670,244-248,238-241,"101-135
167-235
266-334
385-405"
P09172,"67-70
255-260","48-52
58-66
71-80
83-93
98-104
111-117
123-125
130-138
143-151
166-173
191-195
212-217
220-222
225-236
244-252
261-268
279-284
286-288
290-294
297-303
313-319
327-335
348-356
359-361
363-369
375-377
382-390
404-412
417-426
429-439
448-456
461-468
477-482
489-496
499-507
561-567","392-398
509-522
535-539
546-558"
P0C7V6,,,
P0CG23,,,
P0CG42,,,
P0CG43,,,
P0CW18,,,
P0CW23,,,
P0CW27,,,
P0DKL9,,,
P10070,,,
P10075,,,
P10253,"215-218
225-227
324-326
420-423
520-522
537-539
552-555
747-749
930-933","94-96
126-128
137-143
145-153
159-163
166-173
175-184
208-214
219-224
230-233
240-242
245-251
253-255
257-259
272-278
297-301
307-312
318-323
327-335
337-342
399-403
437-442
473-475
477-480
483-486
514-517
525-528
564-567
597-601
611-613
618-620
641-643
649-651
668-670
677-679
723-725
742-746
750-753
761-767
769-774
796-808
815-819
822-827
841-846
853-859
874-881
884-891
900-907
916-918
926-929
934-942
948-951","80-82
86-88
100-105
234-236
347-358
366-369
381-393
405-407
424-433
456-464
493-509
568-571
572-574
575-591
606-608
621-636
655-665
684-686
689-704
706-719
727-730
735-737
775-777
833-836
867-870
894-896"
P10275,"844-846
850-852","667-669
692-694
761-766
769-771
815-818
911-914","22-29
673-681
698-721
726-728
731-758
773-778
782-797
802-812
825-843
853-883
885-888
894-902
904-908"
P10827,"152-154
180-184
186-188
269-272
277-279
290-293","189-191
196-198
273-276
280-282
329-331","148-151
162-176
212-234
237-240
244-264
284-289
294-306
307-309
313-324
335-356
363-370"
P11277,,1936-1938,"1065-1085
1093-1128
1134-1192
1200-1236
1242-1271
1586-1605
1616-1652
1692-1713
1722-1759
1765-1818
1838-1863
1868-1891
1902-1928
1941-1971
1977-2033
2041-2060
2062-2069
2073-2082"
P11509,"41-43
92-98
138-141
163-165
278-280
402-404","67-73
76-81
115-118
230-232
337-339
378-380
383-385
390-393
405-407
419-421
460-466
476-483
489-493","46-48
51-53
54-65
84-91
105-111
121-137
143-162
171-187
196-212
215-227
233-256
267-277
288-319
321-334
343-348
350-363
395-399
413-416
442-459
468-470"
P11532,"40-46
119-121
3076-3079
3270-3272
3290-3293","158-160
219-222
243-245
3061-3065
3071-3075
3080-3084
3143-3146
3165-3168
3192-3195
3207-3209","14-31
48-58
70-86
96-100
104-118
122-131
136-148
161-163
167-176
178-180
183-187
192-205
215-218
225-236
339-365
372-409
414-452
3050-3054
3086-3094
3095-3098
3104-3118
3121-3123
3126-3135
3147-3164
3171-3186
3196-3205
3211-3222
3231-3247
3251-3254
3260-3269
3278-3286
3294-3304"
P11831,,"182-188
190-192
194-198","154-179
200-205
209-220"
P12821,"106-108
168-170
217-219
268-270
519-524
634-638
766-768
866-868
999-1001
1083-1085
1117-1122
1173-1175
1222-1225","155-157
159-161
165-167
281-284
352-354
362-365
367-370
372-375
755-757
759-761
763-765
879-882
945-947
950-952
960-963
965-968
970-973
1188-1191","32-34
43-72
77-105
109-111
115-124
128-131
134-153
171-178
182-216
223-229
236-266
291-293
294-297
309-314
319-332
340-345
382-401
406-408
414-428
431-436
447-461
464-479
485-487
488-500
514-517
528-547
554-556
563-575
581-589
597-617
641-643
646-675
680-704
709-711
715-724
728-731
734-753
769-776
780-793
795-798
799-801
802-815
821-826
827-829
834-844
846-864
889-891
892-895
906-912
917-930
938-943
980-998
1004-1006
1012-1026
1029-1034
1045-1059
1062-1077
1086-1098
1112-1115
1126-1145
1152-1154
1161-1172
1179-1187
1195-1215"
P14859,,,"285-301
306-317
323-331
336-353
388-400
406-416
420-434"
P16157,"656-658
930-932
1398-1402","433-435
765-767
914-919
924-927
935-938
942-945
947-954
959-961
970-973
975-980
984-994
1000-1003
1006-1015
1018-1020
1051-1058
1061-1067
1074-1076
1081-1084
1092-1095
1099-1102
1104-1111
1131-1138
1140-1150
1165-1167
1169-1175
1195-1197
1200-1207
1210-1215","407-414
417-425
440-447
450-459
473-480
483-492
506-513
516-524
539-545
549-557
572-578
582-588
589-591
605-611
615-623
638-644
648-655
671-678
681-690
704-710
715-722
737-743
747-755
770-776
780-789
956-958
1026-1028
1029-1033
1043-1049
1115-1122
1153-1157
1219-1221
1222-1232
1403-1414
1415-1417
1418-1424
1429-1438
1443-1458
1459-1461
1464-1473
1477-1483"
P16220,,,"120-128
132-142"
P17661,,,
P17947,,,
P18627,,,
P19484,,,
P20226,"194-196
205-208
277-280
285-287
296-299","164-173
190-192
198-204
209-213
217-222
251-263
289-295
300-304
308-313","180-186
227-244
270-276
318-333"
P20265,,,
P20794,,,
P22004,"421-425
427-429
451-454
470-472","411-415
418-420
430-432
434-437
440-442
477-491
497-513",457-468
P22528,,,
P22670,,"446-455
492-498
503-511","439-445
456-469
477-487"
P23467,"1710-1716
1720-1723
1780-1782","1743-1745
1757-1763
1766-1769
1771-1775
1797-1800
1804-1806
1818-1821
1823-1825
1828-1837
1839-1849
1856-1865
1870-1872
1894-1896
1900-1903
1905-1908
1928-1930","1685-1687
1688-1709
1728-1730
1740-1742
1753-1756
1783-1792
1877-1893
1909-1926
1932-1940
1950-1968"
P23469,"152-155
185-188
504-506","172-177
189-197
200-207
229-232
236-238
250-256
259-268
270-280
291-298
303-305
331-334
336-340
359-361
464-469
481-487
490-492
496-499
521-524
528-530
542-548
551-560
562-573
584-592
597-599
626-629
631-635
654-656","117-119
120-126
139-141
157-162
212-214
215-224
311-323
341-358
363-371
381-396
426-434
444-447
449-452
507-516
605-620
636-653
658-666
676-690"
P23511,269-271,264-267,"272-287
301-309
314-316"
P24043,"1267-1270
1281-1283","1184-1186
1197-1199
1210-1213
1216-1220
1232-1236
1242-1244
1252-1265
1273-1280
1285-1289
1300-1308
1336-1342
1346-1361","1221-1230
1239-1241
1246-1248
1326-1334"
P24347,,,
P26640,,,
P27469,,,
P28356,,,
P33240,51-54,"18-22
43-50
55-63
77-81
83-85
87-91","12-15
29-37
67-76
97-104
532-535
537-545
549-553
557-560
562-571"
P33402,,,
P35326,,,
P35711,,,
P35712,,,
P35869,153-155,"54-56
122-124
126-130
134-138
217-224
235-246
262-270","35-52
58-61
66-86
113-121
142-146
150-152
158-161
164-174"
P35998,,,
P37802,"72-74
107-109","38-40
140-142
148-151","24-37
49-57
60-69
86-103
113-117
122-136"
P40222,,,
P41214,"396-399
449-451","382-386
432-434
454-456
468-474
482-486
491-499
502-508
532-536
538-541
544-550
571-573","389-391
392-395
408-421
437-443
446-448
457-467
510-513
517-528
553-561
568-570
574-576"
P41229,"79-81
95-97
131-133
178-180
476-478
495-497
578-580
708-710","437-445
501-505
510-514
521-530
532-536
584-588
593-596
602-617
692-694
716-723
745-751","73-76
82-94
112-122
125-130
134-140
149-159
162-172
181-185
394-409
418-429
446-449
464-471
479-481
486-489
517-519
539-541
542-552
573-577
620-622
623-636
644-652
655-657
660-687
697-699
702-704
731-733
742-744
755-767"
P42229,,,
P42566,"157-159
207-209
254-256
279-281
305-307
624-627
630-633","142-144
145-147
177-179
240-243
274-278","126-136
148-156
162-172
182-197
212-214
223-235
245-253
259-269
282-293
723-726"
P42694,,,
P42858,30-32,13-15,"4-10
23-26"
P43699,,,
P46100,"172-174
179-181
183-185
190-192
213-215
221-223
266-268","176-178
186-188
195-197
210-212
217-219
227-231
233-236
238-240
258-261","198-206
241-247
250-256
271-273
274-284
1267-1282"
P46379,91-93,"16-23
28-34
35-37
57-61
64-66
68-71
80-86","39-50
54-56
72-75
1009-1013
1016-1018
1019-1028
1040-1043
1063-1074
1082-1089
1092-1110"
P46531,"190-192
493-496
500-502
1477-1482
1486-1489
1499-1501
1530-1532
1925-1927","154-157
162-165
170-175
194-198
201-205
210-212
232-235
237-239
241-244
249-254
271-274
279-282
289-292
418-420
422-424
428-432
435-439
444-446
466-470
473-477
482-484
504-507
512-515
520-522
1460-1462
1502-1504
1542-1544
1563-1565
1571-1580
1602-1606
1616-1620
1672-1681
1714-1716
1718-1724
1767-1769
1983-1985","143-146
181-184
415-417
455-458
1448-1450
1452-1457
1465-1467
1470-1472
1473-1476
1492-1494
1496-1498
1507-1509
1512-1519
1533-1539
1547-1549
1552-1559
1582-1587
1589-1600
1685-1688
1696-1708
1732-1756
1884-1890
1909-1914
1931-1937
1941-1949
1964-1970
1974-1982
1998-2005
2008-2016
2031-2037
2041-2049
2064-2071
2074-2082
2097-2103
2107-2115"
P46736,,,
P46939,"47-49
56-62",174-176,"32-46
64-74
86-102
112-117
120-134
136-149
151-164
177-179
183-192
194-196
199-204
207-222
230-234
240-253"
P47895,"54-56
146-149
237-239","33-36
39-41
48-52
58-64
153-156
162-170
172-177
180-182
200-204
229-232
252-257
276-280
285-289
317-323
346-348
378-381
384-386
396-400
414-423
435-444
461-466
484-486
498-506","68-82
87-90
93-109
111-122
126-131
133-145
185-196
211-222
240-245
259-272
295-307
308-311
324-340
359-374
406-408
425-433
448-457
491-495"
P48378,,,
P48380,,,
P48507,,,
P48634,,,
P48645,,,
P48681,,,
P49454,,,
P49750,,,
P49792,"1206-1209
1225-1227
1237-1239
2047-2050
2078-2081
2146-2148
2683-2686
2926-2929
2945-2948
2964-2967
2976-2978
3086-3088
3102-3104
3118-3120
3127-3129
3183-3185","1191-1205
1210-1224
1230-1236
1242-1247
1255-1257
1260-1270
1277-1284
2028-2030
2032-2046
2051-2065
2071-2077
2082-2088
2095-2097
2105-2111
2113-2115
2117-2125
2632-2637
2663-2665
2710-2712
2930-2944
2949-2963
2968-2974
2981-2986
2994-2996
3000-3009
3016-3026
3065-3072
3075-3084
3112-3117
3121-3124
3130-3133
3157-3160
3168-3170
3172-3177
3188-3194
3216-3223","5-18
22-26
29-38
42-55
60-72
76-89
94-107
112-124
129-141
1288-1302
2129-2145
2642-2650
2657-2661
2677-2682
3027-3047
3090-3101
3180-3182
3196-3203"
P50222,,,
P50553,,,
P50616,"14-19
49-52
74-76","58-64
90-95
98-104
109-114","2-13
22-40
53-56
66-73
79-85"
P51003,,,
P51449,"371-374
409-411","285-287
375-378
381-383
430-432","267-282
289-294
295-297
302-310
313-337
341-343
346-364
365-368
385-391
394-408
414-425
436-456
460-465
469-489
491-497
500-506"
P51531,1433-1435,1418-1420,"1382-1396
1425-1427
1437-1442
1449-1457
1464-1481
1487-1507"
P51610,,"368-375
380-385
391-399
1813-1825
1827-1829
1853-1855
1861-1870
1873-1877
1881-1884
1895-1902
1905-1911
1922-1929
1935-1937
1946-1962
1971-1986
1995-2000",1963-1966
P51800,585-587,"577-583
589-595
654-660
663-669","547-550
564-572
596-604
618-623
641-650
670-681"
P51814,,,
P52333,1022-1024,"816-818
822-830
832-841
845-847
849-859
886-891
893-896
898-903
955-959
962-965
979-982
1003-1005
1042-1044","819-821
862-877
910-917
918-920
923-942
952-954
968-970
991-993
996-1001
1006-1021
1026-1028
1030-1037
1046-1055
1068-1077
1082-1084
1088-1102"
P52630,812-814,,"793-796
802-806
824-827
831-834"
P52655,,"65-76
79-83
334-345
348-360
363-375","10-32
36-50"
P52756,"188-190
202-204
252-254
459-461
466-469
474-477
482-484
490-493","183-186
193-195
232-237
268-272
274-280
282-284
296-299
301-303
306-312
463-465
470-473
478-480
487-489
494-498
500-507","244-250
259-261
285-295"
P53365,"247-249
252-254",,"124-173
176-178
179-215
217-245
260-316"
P54098,"106-111
243-247
377-380
592-595
597-604
738-740
755-757
822-829
849-851
870-873
914-919
924-926
1041-1046
1073-1075
1081-1083","75-77
114-116
132-134
173-178
179-181
184-189
192-195
198-201
207-210
235-237
240-242
254-256
260-262
265-268
271-274
282-285
290-293
373-376
435-438
503-505
519-521
537-540
559-561
563-568
587-589
607-610
616-618
627-629
743-745
776-778
784-786
818-821
833-835
837-840
845-848
853-855
867-869
884-890
907-909
992-995
997-999
1010-1013
1033-1035
1061-1065
1068-1070
1122-1124
1130-1133
1136-1143
1184-1188
1200-1203
1207-1209
1232-1235","83-86
97-105
135-159
203-205
224-227
248-251
277-279
296-301
306-317
347-349
356-360
385-415
422-431
440-473
478-480
483-490
541-558
571-575
636-644
647-671
716-721
770-775
787-810
859-861
875-878
894-906
929-937
944-955
960-969
974-990
1001-1009
1027-1030
1037-1040
1047-1058
1093-1121
1146-1168
1175-1178
1193-1195
1220-1227"
P54198,,"450-453
459-462",
P54252,"53-55
86-88
97-100","23-25
70-73
90-96
109-116
119-126
129-134
141-143
161-167
243-245
287-289","1-3
14-22
30-49
56-62
78-85
106-108
145-158
173-176
178-180
222-240
246-257
279-282"
P54253,"634-637
653-655","568-570
579-581
587-589
606-620
626-633
638-645
650-652
656-660
673-675
681-687","572-574
590-592
595-604
662-669"
P54259,,,
P54727,"36-38
283-287","1-7
12-17
44-48
68-74","23-34
41-43
59-62
277-279
288-292
296-298
299-307
311-318
321-329
335-338"
P55001,,,
P55055,"167-169
176-178
245-247
321-324
329-331
341-343
361-363
411-413","88-90
99-103
183-185
212-214
318-320
325-328
332-334
444-446","105-116
137-139
142-151
162-165
170-173
221-241
242-244
260-286
291-293
296-317
336-340
349-360
366-377
388-409
416-434
450-455"
P55198,,,
P55268,,,
P55345,,"34-39
56-61
64-71
77-85",
P55347,281-283,,"268-280
289-299
303-319"
P55769,,"10-13
35-38
51-57
80-84
100-105","16-31
39-48
63-65
68-76
86-92
113-124"
P56524,"122-125
354-357
712-714
940-943","652-657
673-675
698-701
746-748
754-756
789-795
813-815
834-838
840-842
857-864
870-872
889-894
898-900
925-931
936-938
968-972","64-112
115-121
126-128
660-662
681-691
694-697
708-711
717-724
727-730
737-745
762-786
817-828
845-851
866-868
883-885
904-913
915-922
950-961
964-966
978-992
1002-1006
1011-1025
1029-1031
1042-1047"
P56645,,,
P57071,,,
P60153,,,
P78364,"801-803
813-815","783-785
796-799
806-808
816-818","789-794
809-811
821-827"
P78424,,,
P80188,"80-82
119-121
194-196","49-60
64-66
70-72
73-78
84-91
93-105
111-114
116-118
124-133
135-147
150-162","33-35
44-47
166-178
183-185"
P87889,,,
Q00577,,,
Q01658,,"64-66
111-113","15-25
33-60
68-78
81-83
84-110
115-140"
Q01664,,,
Q01780,"342-345
418-421","194-196
253-255
288-291
308-317
325-332
337-341
361-367
384-388
461-463
497-500
555-557","183-186
214-216
218-220
259-263
269-272
283-285
294-304
346-352
353-356
369-379
389-395
403-411
431-442
444-458
464-476
490-492
493-496
504-524
528-531
534-543
548-552
560-564
566-577
583-586"
Q01826,"158-163
197-199","72-83
92-102
129-134
164-169
209-211","107-109
110-117
122-127
142-144
153-157
181-183
186-196
202-208
213-221
230-245
375-386
390-398
402-411
415-417
420-433
437-452
653-665
672-681
687-702"
Q01970,"75-77
192-194
261-263
400-402
456-461
666-668
755-757
801-803
813-815","26-31
33-35
40-45
51-55
61-65
69-74
103-108
116-126
302-305
326-328
331-333
336-338
340-343
360-366
370-372
382-384
408-415
443-445
447-450
463-466
596-599
616-621
645-648
670-672
697-700
726-737
740-742
745-754
759-763
771-773
781-787
793-800
804-812
819-826
832-846","20-24
57-59
66-68
84-88
97-101
112-114
127-140
142-145
149-162
172-177
180-182
183-191
205-207
210-220
224-232
243-253
269-279
283-287
293-300
310-313
323-325
348-355
389-399
421-433
434-436
578-580
588-591
605-611
622-631
633-642
662-665
681-690
693-695
703-705
789-791
850-852
853-860
862-875
877-880"
Q02078,50-52,"42-48
54-60
77-80","14-38
62-71
81-90"
Q02086,,,
Q02108,,"472-487
523-525
533-540
568-570
573-587
589-591
593-598
616-618
632-636
655-660","490-496
499-519
545-560
599-609
620-626"
Q02224,"22-25
157-159
199-202","7-13
31-34
37-40
46-48
80-87
100-103
123-135
138-146
190-197
204-215
226-235
254-256
298-308","59-65
68-75
92-96
105-116
117-119
175-187
239-241
260-274
283-285
287-291
293-295
314-326
341-376"
Q02446,,,
Q02447,,,
Q02779,,"20-23
42-47
58-62
68-72","50-53
73-75"
Q02818,,"258-261
309-313","245-252
262-274
285-288
291-303
314-322"
Q02928,,,
Q02930,,,
Q04724,"603-606
645-648
727-729","436-444
447-450
452-454
456-458
465-468
473-481
489-492
494-502
504-511
521-525
531-538
542-558
560-563
565-571
573-575
577-582
586-593
598-602
607-612
619-624
628-635
638-644
649-655
660-665
669-676
681-685
691-694
701-706
710-717
720-726
732-737
742-747
753-758
763-769","22-92
93-95
98-111
116-133"
Q04725,,,
Q04727,,,
Q05195,,87-89,"9-19
58-81
95-134"
Q05BK6,,,
Q05BL1,,,
Q05D32,,,
Q05D60,,,
Q05GC8,,,
Q06730,,,
Q06732,,,
Q07065,,,
Q07283,,,
Q08117,,,
Q08379,,,
Q08828,,,
Q08E86,,,
Q09472,"356-358
1069-1072
1195-1197
1248-1250
1336-1338
1343-1347
1453-1455
1726-1728
1774-1778","386-389
408-410
1218-1221
1255-1257
1264-1272
1321-1334
1351-1366
1369-1381
1392-1400
1432-1436
1446-1450
1478-1480
1482-1485
1595-1601
1625-1627
1799-1802","332-334
335-355
367-379
391-405
414-418
1051-1066
1073-1075
1081-1084
1089-1092
1099-1107
1114-1131
1137-1160
1165-1168
1182-1190
1199-1205
1208-1216
1225-1245
1273-1278
1290-1292
1297-1313
1339-1342
1407-1409
1410-1428
1460-1476
1486-1493
1498-1500
1508-1517
1582-1590
1592-1594
1603-1606
1622-1624
1628-1636
1644-1662
1730-1747
1756-1770
1780-1793
1806-1818"
Q0IIN7,,,
Q0P607,,,
Q0PRL4,,,
Q0VAK6,,,
Q0VF49,,,
Q0VG99,,,
Q10571,,,
Q12772,366-368,,"346-357
369-399"
Q12774,,,
Q12800,,,
Q12830,"2870-2873
2886-2888
2923-2925
2950-2952
2958-2960
3028-3030","2882-2884
2891-2893","2894-2897
2901-2904
2913-2922
2930-2944
2947-2949
2962-2967
2974-2982
2989-3006
3012-3027"
Q12888,"1496-1498
1726-1731
1782-1784
1793-1799
1854-1857
1868-1871
1881-1884","1490-1494
1501-1511
1514-1519
1524-1528
1532-1535
1543-1547
1548-1551
1553-1564
1567-1574
1577-1582
1586-1588
1732-1736
1801-1808
1825-1827
1851-1853
1858-1860
1873-1879
1898-1908
1918-1922","1529-1531
1583-1585
1590-1594
1597-1600
1715-1719
1741-1745
1773-1781
1813-1821
1829-1837
1843-1845
1885-1894
1914-1916
1928-1937
1944-1953
1963-1965"
Q13017,"1293-1297
1348-1350
1374-1376","595-601
622-625
628-637
656-664
696-701
729-732
1258-1262
1341-1343
1425-1427","606-615
665-683
711-725
743-760
1264-1267
1276-1287
1302-1314
1320-1323
1327-1340
1351-1358
1363-1373
1381-1397
1399-1402
1406-1417
1434-1443
1445-1448"
Q13111,,,
Q13488,,,
Q13495,,,
Q13620,"315-317
336-338","210-212
511-513
861-865
898-901
908-911","215-228
237-250
253-270
271-276
282-306
308-312
324-335
340-358
365-377
381-384
386-407
410-430
434-436
437-448
450-452
453-466
470-480
486-507
515-533
538-549
841-860
866-876
883-895"
Q13625,"761-764
1054-1057","2-9
17-22
40-42
44-49
52-56
77-81
1023-1025
1035-1037
1061-1066
1083-1086
1091-1093
1095-1102
1105-1110
1114-1117","29-34
62-69
73-75
747-760
927-936
939-945
946-948
962-969
972-981
995-1001
1005-1013
1029-1032
1043-1053
1058-1060
1111-1113"
Q13733,,,
Q13753,,,
Q13790,,,
Q13950,,,
Q13952,115-117,"55-57
94-96","40-42
45-52
64-90
98-106
109-114"
Q14119,,,
Q14146,,,
Q14157,,,
Q14320,,,
Q14667,,,
Q14671,"850-852
993-996
1066-1068
1165-1169","1104-1106
1107-1109
1153-1155","831-837
846-849
853-857
860-872
875-885
886-888
889-893
898-908
911-921
925-929
934-944
947-954
955-957
961-966
970-980
983-986
987-992
997-1001
1006-1016
1019-1031
1033-1036
1042-1052
1055-1065
1069-1073
1078-1088
1091-1103
1111-1116
1121-1131
1134-1142
1145-1147
1148-1151
1157-1164"
Q14686,,,
Q14690,181-183,"189-197
199-205
212-216
228-230
238-245
252-256",217-227
Q14738,,,
Q14766,1355-1358,"1340-1342
1346-1353
1366-1368
1378-1382
1385-1388
1392-1394
1408-1410","1369-1374
1395-1400"
Q14774,,,
Q14789,,,
Q14814,,,
Q14980,1917-1919,1995-1997,1920-1922
Q149N8,"669-671
678-681
694-698
1057-1060
1081-1084
1090-1094","674-677
682-685
1137-1139
1234-1236","686-688
704-710
1000-1037
1040-1056
1065-1080
1095-1119
1122-1133
1141-1151
1155-1166
1180-1182
1186-1212
1220-1230
1242-1257
1296-1310
1315-1359
1385-1414"
Q14BN4,,,
Q15007,,,
Q15016,,,
Q15019,"172-174
268-270","38-45
85-88
95-102
148-153
155-159
177-181
236-238
243-245
254-258
261-264","23-34
50-58
78-83
118-133
162-171
184-186
189-205
225-232
273-282
284-293
295-305"
Q15075,"44-46
1359-1361
1375-1377
1393-1396","38-42
49-52
65-67
1367-1369
1371-1373
1380-1382
1388-1390
1399-1401","53-63
1290-1324
1326-1346
1352-1354
1383-1385
1403-1408"
Q15149,"203-209
283-285
309-311
563-566
4423-4425
4461-4464
4499-4501","380-382
490-492
944-948
964-970
975-979
985-989
1077-1079
1080-1082
1190-1192
4417-4422
4456-4458
4532-4535
4537-4543
4575-4577
4591-4597
4599-4603","174-193
194-196
211-221
233-249
259-263
267-282
297-308
322-324
328-337
339-341
344-347
352-367
375-378
385-398
414-440
448-464
466-488
500-562
572-598
604-628
656-678
685-714
715-718
721-778
788-821
827-854
861-886
894-913
915-926
932-934
990-992
999-1044
1048-1052
1056-1076
1085-1109
1118-1144
1152-1188
1197-1252
1259-1277
1280-1304
1311-1340
1378-1397
1399-1430
1445-1476
1493-1527
4431-4437
4442-4454
4469-4475
4480-4482
4483-4494
4507-4513
4518-4531
4545-4551
4556-4563
4565-4567
4583-4589"
Q15173,,,
Q15233,"107-110
169-171","55-60
75-80
100-106
111-118
140-143
149-154
174-182
187-197
213-218
223-226
230-234
255-257","72-74
87-94
95-97
119-129
161-168
198-210
238-240
245-250
263-303
308-311"
Q15329,,"184-191
197-201
213-218
220-222
224-229","127-162
165-169
175-181"
Q15388,,,
Q15459,"189-191
752-754","705-710
715-721
726-731
755-759
762-764
779-786","48-63
66-74
79-84
91-103
161-177
179-188
193-198
204-215
737-747
770-773"
Q15483,,,
Q15515,,,
Q15596,,739-741,"685-687
689-693
743-750"
Q15643,,,
Q15652,"2163-2166
2187-2189
2225-2227
2300-2302
2323-2326","2159-2162
2167-2170
2192-2194
2259-2261
2264-2266
2315-2319
2332-2337
2339-2350
2387-2394
2448-2453
2457-2460
2465-2481","2178-2186
2197-2199
2203-2206
2208-2215
2235-2243
2245-2247
2268-2273
2275-2284
2288-2291
2305-2307
2360-2368
2374-2381
2396-2398
2399-2412
2423-2426
2433-2443
2484-2486
2487-2496"
Q15714,,,
Q15788,"924-926
958-962","261-266
272-276
320-324
328-331
337-347
350-353
357-365
964-966","278-283
288-299
309-319
632-638
684-686
688-695
747-753
929-941
945-947
952-954
1434-1440"
Q15811,"12-14
306-309","35-37
38-40
70-73
215-217
239-241
272-275
916-922
939-945
947-954
957-962
966-969
1271-1273
1308-1310
1444-1447
1451-1454
1456-1460
1463-1466
1472-1474
1479-1493
1511-1513
1525-1528
1531-1533
1541-1544
1547-1550","19-31
41-48
49-51
55-65
75-89
100-102
219-230
242-250
256-266
276-290
301-303
963-965
1233-1262
1264-1269
1275-1282
1285-1306
1316-1322
1323-1327
1328-1349
1351-1361
1364-1366
1371-1374
1377-1393
1403-1437
1522-1524
1556-1577"
Q15911,2650-2652,,"2154-2166
2174-2182
2186-2201
2251-2263
2269-2278
2283-2297
2653-2662
2668-2678
2682-2697"
Q15942,,,
Q16206,,,
Q16247,,,
Q1EHW1,,,
Q1RMZ1,,,
Q1RMZ3,,,
Q28617,,,
Q2KHN1,,,
Q2KHR2,,,
Q2KHR3,,,
Q2L6G6,,,
Q2LAE2,,,
Q2LC36,,,
Q2M1Z3,,,
Q2M2I8,"142-144
261-264
298-300","38-41
44-55
58-64
70-78
106-113
120-127
168-170
182-184
190-192","31-34
81-97
134-139
148-167
179-181
205-208
210-220
223-225
228-231
242-257
266-271
284-293
304-315
339-344"
Q2M2R5,,,
Q2M3X1,,,
Q2NKK5,,,
Q2NLC9,,,
Q2NLD4,,,
Q2QGD7,,,
Q2TAB4,,,
Q2TAL8,,,
Q2TB68,,,
Q2VIL8,,,
Q2VIQ3,,,
Q2VY69,,,
Q32LX7,,,
Q32M51,,,
Q32MY8,,,
Q32NB8,,,
Q32ND0,,,
Q3B7B6,,,
Q3KNS6,,,
Q3L8U1,,,
Q3MHD2,,,
Q3MI86,,,
Q3MIM1,,,
Q3SY65,,,
Q3T8J9,,,
Q3V6T2,,,
Q3ZCR7,,,
Q3ZLR7,,,
Q461N2,,,
Q495U0,,,
Q496Y1,,,
Q499Z3,,,
Q4JCQ2,,,
Q4JNY4,,,
Q4LE49,,,
Q4LE64,,,
Q4LE66,,,
Q4U2R8,,,
Q4V328,,,
Q4VBA3,,,
Q4VBR4,,,
Q4VCS5,,,
Q4W4X9,,,
Q52LR7,,,
Q52LW3,,,
Q53FL4,,,
Q53GT0,,,
Q53SM2,,,
Q53SN6,,,
Q53T59,,,
Q562E7,,,
Q569F6,,,
Q58EX7,,,
Q58EY0,,,
Q59EA0,,,
Q59EC8,,,
Q59EE8,,,
Q59EF7,,,
Q59EK1,,,
Q59ER4,,,
Q59EY3,,,
Q59F94,,,
Q59FB2,,,
Q59FD2,,,
Q59FE0,,,
Q59FG4,,,
Q59FG6,,,
Q59FL0,,,
Q59FP5,,,
Q59FV5,,,
Q59FW4,,,
Q59FX5,,,
Q59G00,,,
Q59G16,,,
Q59G18,,,
Q59G30,,,
Q59G45,,,
Q59G47,,,
Q59G73,,,
Q59GC2,,,
Q59GF0,,,
Q59GG3,,,
Q59GH4,,,
Q59GI3,,,
Q59GJ0,,,
Q59GP6,,,
Q59GY7,,,
Q59HB8,,,
Q59HE6,,,
Q59HG1,,,
Q5BQ95,,,
Q5CZA0,,,
Q5D862,,,
Q5H924,,,
Q5H9Q2,,,
Q5H9U9,,,
Q5HYK3,,,
Q5I0X4,,,
Q5IRN2,,,
Q5JB39,,,
Q5JSY7,,,
Q5JSY8,,,
Q5JSZ5,,,
Q5JT00,,,
Q5JTV8,"449-451
498-500","408-414
442-445
475-479
507-513
515-517
548-550
566-570","363-378
384-398
416-418
419-434
435-437
446-448
454-470
481-483
486-490
491-496
525-542
554-564
575-577"
Q5JV73,,,
Q5JV90,,,
Q5KTC1,,,
Q5LJB1,,,
Q5STZ8,,,
Q5SZD4,,,
Q5SZQ8,,"97-101
121-128
134-144
165-167
170-172","108-115
116-118
145-155"
Q5T1J5,,,
Q5T1N1,,,
Q5T1Z4,,,
Q5T1Z8,,,
Q5T2K3,,,
Q5T2N8,,,
Q5T3G2,,,
Q5T3U5,,,
Q5T5P0,,,
Q5T5P1,,,
Q5T5P2,,,
Q5T655,,,
Q5T6F2,,,
Q5T7B8,,,
Q5T953,,,
Q5T9S2,,,
Q5T9S5,,,
Q5TB80,,,
Q5TBK1,,,
Q5TCH4,,,
Q5TF21,,,
Q5TZA2,,,
Q5U0C8,,,
Q5U3C1,,,
Q5UBV6,,,
Q5VU43,,,
Q5VV63,,,
Q5VVH5,,,
Q5VX71,,,
Q5VXT5,,,
Q5VYV0,,,
Q5VZK9,,"978-980
999-1002","985-988
1026-1029"
Q5VZZ6,,,
Q5W9G6,,,
Q5XG91,,,
Q5XKR4,,,
Q5XUX0,"84-86
138-142
476-478","147-151
160-165
168-175
187-195
203-206
209-211
214-220
222-231
280-282
285-289
296-298
303-308
314-321
323-332
335-337
341-352
453-455
464-475
479-492
495-500
505-511","67-69
72-80
87-91
95-100
104-115
121-126
131-137
143-145
233-235
242-253
258-261
264-278
310-312
357-360
363-380
501-503
524-536"
Q63HN8,,,
Q63ZY3,736-738,,"592-606
608-610
613-632
638-651
653-660
670-676
680-688
704-707
708-710
716-728
742-748
752-760
775-782
785-792
809-816
819-828"
Q64FX5,,,
Q658K0,,,
Q658Z6,,,
Q65ZG9,,,
Q66K39,,,
Q674R7,,,
Q68CP0,,,
Q68CP9,,,
Q68DE3,,,
Q68DX8,,,
Q68G74,,,
Q6AHX7,,,
Q6AI39,,,
Q6AZY7,,,
Q6DCA5,,,
Q6DK57,,,
Q6DT37,,,
Q6EMB2,,,
Q6FHA6,,,
Q6GMQ3,,,
Q6IB77,,,
Q6IPR3,,,
Q6IQ23,,,
Q6ISE0,,,
Q6JLA7,,,
Q6JVE5,,,
Q6JXY2,,,
Q6KC79,,,
Q6MZF4,,,
Q6MZF6,,,
Q6MZL5,,,
Q6MZT4,,,
Q6N021,"1278-1280
1293-1296
1299-1302
1349-1354","1135-1138
1153-1156
1175-1182
1197-1200
1209-1215
1224-1234
1283-1288
1312-1314
1362-1364
1370-1376
1393-1399
1405-1408
1416-1418
1421-1423
1443-1446
1451-1459","1141-1144
1157-1168
1172-1174
1238-1255
1262-1264
1316-1340
1342-1348
1356-1358
1401-1403
1432-1440"
Q6N039,,,
Q6N083,,,
Q6NUS6,,,
Q6NVJ2,,,
Q6NWY9,,,
Q6NXT7,,,
Q6NYC8,,,
Q6P1K2,"32-34
97-100",,"35-51
56-61
63-66
70-96
101-115
129-188
190-200"
Q6P1L5,,,
Q6P1N0,,,
Q6P2E9,,,
Q6P4E1,,,
Q6P4R8,113-116,"78-80
98-101
391-394
448-451
457-460","42-44
46-52
55-60
64-73
81-94
103-112
118-151
379-388
395-406
409-413
417-419
424-426
427-434
471-481"
Q6P531,,,
Q6P995,,,
Q6P9G8,,,
Q6P9H5,,,
Q6PG37,,,
Q6PHZ4,,,
Q6PIN0,,,
Q6PJ69,,,
Q6PJG2,,,
Q6PKB3,,,
Q6PKB8,,,
Q6Q0C1,,,
Q6QNB7,,,
Q6QR78,,,
Q6STE5,,,
Q6TV06,,,
Q6UKI1,,,
Q6UUV9,,,
Q6UVJ0,,,
Q6UW60,,,
Q6UWE0,,,
Q6UWR4,,,
Q6UY14,,,
Q6VY07,,,
Q6WG67,,,
Q6WRI0,,,
Q6Y7W6,,,"45-50
60-62
65-70
79-81
86-94
99-102"
Q6YL39,,,
Q6ZMJ2,,,
Q6ZMU5,"295-297
306-309
387-389
419-422
459-463","302-305
310-313
329-331
333-337
342-350
355-363
369-371
380-386
390-393
396-399
411-418
423-428
436-441
449-454
467-469","279-284
376-378"
Q6ZMW8,,,
Q6ZN29,,,
Q6ZN66,,,
Q6ZNE9,,,
Q6ZP82,,,
Q6ZP85,,,
Q6ZQN7,,,
Q6ZQW2,,,
Q6ZR19,,,
Q6ZRK0,,,
Q6ZRN2,,,
Q6ZRU6,,,
Q6ZS45,,,
Q6ZSB9,,,
Q6ZTU2,,,
Q6ZVK8,,"43-49
55-61
74-77
98-112
115-127
136-138
140-146
152-155","65-67
84-96
132-134
158-172"
Q6ZVT4,,,
Q6ZW49,"918-920
972-975
1063-1065","868-871
901-904
922-925
976-980
1001-1005
1023-1028","863-865
876-888
897-899
912-917
927-936
943-945
950-955
960-969
988-997
1009-1017
1030-1036
1037-1041
1050-1058"
Q6ZW64,,,
Q70CQ2,,,
Q70EL1,,,
Q70YC5,,,
Q71RB1,,,
Q71RC7,,,
Q75L23,,,
Q75MN6,,,
Q75MY6,,,
Q76L83,,,
Q7RTM4,,,
Q7RTP6,"562-564
567-569","519-521
535-537","523-531
545-548
551-560
575-589
598-603
609-623
1842-1877
1887-1889
1892-1938
1942-1944
1947-1980"
Q7Z2V4,,,
Q7Z2Y5,,,
Q7Z2Y8,,,
Q7Z328,,,
Q7Z3A2,,,
Q7Z3E2,,,
Q7Z3Z5,,,
Q7Z403,,,
Q7Z406,"61-63
83-85
130-132
167-169
520-522
587-589
746-748","55-60
64-73
75-82
88-92
135-138
141-145
192-197
259-270
276-284
384-386
388-390
419-422
425-428
473-477
545-547
592-598
601-605
688-696
734-737
778-780
782-784","51-53
93-95
102-104
110-112
118-129
156-162
174-188
204-218
233-249
288-291
302-310
313-318
324-326
340-354
359-374
375-377
395-404
408-416
433-463
490-519
535-542
550-558
565-576
610-615
620-627
632-637
670-686
709-719
721-730
738-745
760-771
775-777"
Q7Z426,,,
Q7Z427,,,
Q7Z442,,,
Q7Z494,,,3-6
Q7Z589,,"98-103
112-116
122-124","7-9
13-38
43-55
60-71
74-84
90-97
108-110"
Q7Z5E6,,,
Q7Z5J4,,,
Q7Z5M5,,,
Q7Z659,,,
Q7Z6J9,,,
Q7Z6Z7,"3977-3979
4009-4011
4085-4087
4176-4178
4200-4202","4016-4021
4044-4050
4080-4083
4088-4093
4168-4170
4172-4175
4181-4183
4193-4197
4266-4271
4302-4304
4317-4320
4323-4328
4337-4339
4344-4348
4370-4372","1319-1329
1332-1341
1345-1353
1976-1991
2958-2960
2970-2975
2978-2988
3952-3972
3983-3991
3994-4008
4023-4025
4026-4034
4041-4043
4061-4072
4076-4078
4095-4099
4103-4120
4130-4137
4143-4145
4146-4149
4151-4162
4165-4167
4186-4189
4203-4215
4217-4219
4220-4233
4236-4239
4244-4252
4259-4264
4276-4287
4290-4301
4311-4313
4340-4342
4353-4365"
Q7Z739,,,
Q7Z757,,,
Q7Z7E8,"325-327
357-359","273-278
285-291
315-320
331-337
339-341
348-350
386-388","250-264
267-270
279-281
298-309
366-379
390-392
395-405"
Q7Z7H5,,,
Q86SQ7,,,
Q86T23,,,
Q86TP0,,,
Q86TS9,,"39-41
48-51","26-30
42-45
61-103"
Q86UD0,,,
Q86UP2,,,
Q86UP3,,,
Q86UR1,,,
Q86UW9,,,
Q86V37,,,
Q86V38,,,
Q86VG4,,,
Q86VQ1,,,
Q86VS8,50-52,30-32,"12-21
33-35
39-48
55-58
69-89
103-109
112-126
132-139
144-158"
Q86WB4,,,
Q86WB6,,,
Q86WF4,,,
Q86WG5,,,
Q86WN1,,,
Q86WW5,,,
Q86XK2,889-893,"845-856
878-884
895-897","839-844
866-872"
Q86YA8,,,
Q86YG2,,,
Q86YT6,"166-169
229-231
288-293
352-356
377-379","98-105
156-159
176-182
188-193
195-197
202-208
215-219
232-234
248-251
269-276
283-286
294-297
303-306
307-312
314-324
326-330
338-341
370-375
381-385
388-392
397-399
402-405
406-409
444-450
456-458","110-113
209-211
221-223
264-266
345-351
360-363
364-367
394-396
413-421
433-438"
Q86YV2,,,
Q86YW9,,,
Q8IUG5,,,
Q8IV76,,,
Q8IVH2,,,
Q8IVL0,,,
Q8IVL1,,115-118,"86-101
111-114
119-128
145-159
169-174
177-191"
Q8IVW6,,,
Q8IW47,,,
Q8IWI5,,,
Q8IWI9,,,
Q8IWJ2,,,1574-1605
Q8IWX8,,,
Q8IWY9,,,
Q8IX12,,,
Q8IX95,,,
Q8IXK0,,,
Q8IY63,,,
Q8IY81,,,
Q8IY82,,,
Q8IYU4,,,
Q8IYW4,,,
Q8IZ83,,,
Q8IZD4,,,
Q8IZL2,,,
Q8N0S2,,,
Q8N139,,,
Q8N1N0,,,
Q8N1N4,,,
Q8N1W1,,"1066-1068
1074-1076
1088-1096
1102-1109
1114-1120
1123-1126
1134-1136
1141-1145
1152-1157
1164-1169","1052-1060
1077-1080
1138-1140
1173-1184"
Q8N283,,,
Q8N2H3,,,
Q8N2Y6,,,
Q8N3F8,,,
Q8N3X1,,,
Q8N401,,,
Q8N4C6,,,
Q8N4C8,,,
Q8N4H2,,,
Q8N4Q4,,,
Q8N512,,,
Q8N5G2,,,
Q8N6B5,,,
Q8N6B6,,,
Q8N6F2,,,
Q8N6G5,,,
Q8N7U6,,,
Q8N879,,,
Q8N8S7,"18-21
41-44
53-55","3-17
22-25
32-40
45-52
58-64
70-72
74-81
86-93","26-28
94-110"
Q8N9N5,,,
Q8N9Q8,,,
Q8N9T2,,,
Q8NA42,,,
Q8NA53,,,
Q8NA82,,,
Q8NAC3,,,
Q8NB25,,,
Q8NBP0,,,
Q8NBR6,,,
Q8NBZ3,,,
Q8NC01,,,
Q8NC60,,,
Q8NCA5,,,
Q8NCC3,"100-103
153-155
273-275
347-349
375-377","40-43
51-56
73-77
97-99
104-106
111-114
126-128
136-138
156-158
192-197
220-227
281-284
289-291
328-336
338-343
353-364
382-388","79-82
86-94
122-125
133-135
139-147
167-169
171-188
200-209
213-219
235-242
253-262
264-268
292-294
295-301
305-314
365-367
368-374
394-397
399-410"
Q8ND07,,,
Q8ND24,,,
Q8NDV7,,,
Q8NDX5,960-962,,"916-918
921-929
935-943
948-952
956-959
967-982"
Q8NE35,461-464,"443-446
467-470
474-477
478-481
485-489
504-507
510-515
518-520
522-528","454-460
494-503"
Q8NE71,,,
Q8NEG8,,,
Q8NEM7,,,
Q8NEW0,,,
Q8NEY8,,,
Q8NEZ4,"345-347
353-355
368-372
377-379
386-388
392-394
4818-4821","356-358
360-362
403-405
407-409
412-414
418-420
1650-1652
4707-4709
4773-4777
4779-4789
4796-4800
4802-4806
4826-4828
4830-4841
4854-4862
4865-4874
4908-4910","415-417
433-436
1636-1645
1646-1648
1653-1660
1664-1667
1671-1684
1687-1706
4758-4768
4769-4771
4807-4817
4843-4846"
Q8NF45,,,
Q8NF91,,"8783-8785
8787-8793",8780-8782
Q8NFD5,,,"1046-1049
1056-1070
1087-1097
1100-1106
1109-1115
1122-1135
1137-1145"
Q8NFT3,,,
Q8NG08,,,
Q8NI99,,,
Q8TAB5,,,
Q8TAF7,,,
Q8TAL5,,,
Q8TAQ2,,,
Q8TB72,"728-730
774-776
836-839
873-876",987-989,"709-715
724-727
731-735
738-748
753-765
767-771
777-786
789-799
803-808
812-822
828-835
841-846
850-860
863-866
867-872
877-881
886-896
899-911
913-916
922-932
935-945
949-953
958-968
971-982
991-996
1001-1011
1014-1024
1025-1027
1028-1033
1035-1037
1040-1045"
Q8TBA1,,,
Q8TBA6,,,
Q8TBF8,,,
Q8TBY8,,,
Q8TC92,,,
Q8TCK0,,,
Q8TCN9,,,
Q8TCS8,"108-111
222-224","46-50
52-63
67-75
78-86
92-95
98-103
105-107
150-158
161-163
180-182
189-196
199-203
212-221
225-236
370-374
380-388
391-400
423-428
467-478
507-517
519-522
524-532
541-549
554-561
606-611
638-641
643-653","125-138
139-141
165-179
206-210
238-266
281-299
306-327
333-355
402-405
410-416
420-422
431-434
445-458
459-461
483-497
535-539
568-592
614-621
623-625
626-635
654-663"
Q8TD31,,,
Q8TD55,,,
Q8TDD1,,,
Q8TDW4,,,
Q8TE12,,,
Q8TE73,,,
Q8TE77,,,
Q8TEC5,,,
Q8TES8,,,
Q8TF01,,,
Q8TF21,,,
Q8TF46,,,
Q8TF68,,,
Q8WU03,,,
Q8WU79,"29-31
41-44
60-62
68-70
94-96","38-40
45-47
65-67","13-19
23-26
49-58
75-82
85-93
107-118"
Q8WUF5,"714-716
755-757","762-767
784-791
796-803
806-811
815-818","627-637
640-649
663-669
673-681
696-702
706-713
731-733
741-754
759-761
812-814"
Q8WV24,,,
Q8WV48,,,
Q8WWB3,,,
Q8WWI1,,"1038-1046
1056-1062
1065-1071
1087-1091
1116-1124","1076-1079
1101-1114"
Q8WWL2,,,414-417
Q8WWM7,,,
Q8WWU2,,,
Q8WWU3,,,
Q8WWZ4,,,
Q8WYA0,,,
Q8WYJ6,,,
Q8WYR3,,,
Q8WZ79,,,
Q92508,,,
Q92540,"82-85
385-388
421-423
471-473","22-24
26-29
214-217
356-360
475-479
482-486","2-16
17-19
30-46
48-54
56-64
66-76
86-109
145-164
168-181
187-198
202-213
220-233
246-262
266-268
269-285
291-308
311-314
322-347
361-371
375-379
381-384
390-397
398-400
416-420
425-427
428-431
449-469"
Q92552,,,
Q92562,,,
Q92585,,,17-69
Q92608,"1265-1267
1354-1358","12-17
34-41
44-49
52-60
64-67
1342-1349
1359-1364
1385-1387
1405-1414
1422-1424
1437-1449
1462-1492
1520-1522
1538-1540","61-63
84-107
111-133
138-158
1197-1214
1217-1233
1237-1248
1273-1291
1294-1310
1315-1334
1371-1381
1396-1400
1419-1421
1428-1436
1458-1461
1494-1518
1525-1535
1544-1550
1553-1558
1560-1562
1563-1589
1593-1595
1596-1617"
Q92734,,,
Q92753,,,
Q92786,,653-656,"582-592
599-606
614-645
650-652
660-669
679-698
705-715
728-730
732-734"
Q92793,"383-388
593-596
618-622
670-672
1105-1108
1169-1171
1231-1233
1238-1240
1284-1286
1309-1311
1708-1710
1811-1815
2104-2106","1146-1149
1214-1218
1226-1230
1234-1237
1266-1272
1280-1282
1289-1291
1718-1721
1725-1728
1742-1744","69-73
377-379
391-395
598-612
624-642
647-669
1087-1102
1109-1111
1117-1120
1125-1128
1135-1143
1150-1167
1173-1195
1292-1295
1730-1736
1765-1784
1793-1805
1817-1832
1841-1853
2066-2072
2080-2091
2094-2103"
Q92794,"210-212
231-233
253-256
260-262
266-268
282-284
308-310
541-543
583-585","198-200
207-209
278-280
287-289
293-295
511-514
517-520
535-539
546-549
566-573
576-582
613-622
625-637
642-649
655-657
677-679","195-197
239-242
246-252
275-277
290-292
529-532
550-559
587-598
651-653
658-672
685-705
713-720
724-733
750-759
771-773"
Q92817,"1833-1836
1864-1866
1871-1873
1909-1911
1985-1987
2004-2006","1829-1832
1837-1839
1867-1869
2009-2013","1841-1846
1852-1863
1879-1884
1890-1892
1893-1904
1917-1922
1928-1940
1955-1960
1966-1973
1975-1977
1993-1999"
Q92878,"674-676
705-707",682-684,"586-632
638-673
691-704
708-731
733-744
746-764"
Q92879,"80-82
143-145
169-171
174-177
399-401","16-22
42-50
52-55
57-68
93-96
108-114
134-141
147-157
182-185
389-391
403-407
428-434
436-438
440-448
473-475
482-484","29-37
69-79
98-100
105-107
121-128
129-131
158-168
385-388
414-421
422-424
452-462"
Q92896,,,
Q92922,,"534-536
638-640","453-455
465-470
472-474
484-500
508-512
519-531
625-637
642-649
654-661"
Q93074,,,
Q969I3,,,
Q969J2,,,
Q969S2,,,
Q969T7,,,
Q96A04,,,
Q96AC6,,,
Q96AF9,,,
Q96BA4,,,
Q96BD5,"492-494
539-542","504-507
515-517","512-514
530-538"
Q96BH1,"28-30
38-40
108-110
136-138
199-201","31-34
43-49
55-58
63-70
80-89
132-134
148-150
156-158","15-26
91-107
114-125
159-176
209-214
229-247"
Q96BY6,,,
Q96CN5,,,
Q96CN9,,,
Q96DX1,,,
Q96E41,,,
Q96EA4,,,
Q96ED9,,,
Q96EK4,,"9-13
15-17
65-71","30-40
62-64
254-312"
Q96EQ0,,,
Q96EV2,,,
Q96F46,"199-202
213-215
288-290
505-507
526-528","34-36
50-55
73-84
86-88
90-100
111-121
124-133
143-150
153-165
175-182
208-212
216-220
230-238
245-252
266-269
276-285
296-301
379-383
409-411
442-446
499-504
522-525","60-63
104-108
190-192
194-198
257-259
291-293
389-406
413-416
417-422
425-438
449-458
478-486
487-491
493-498
510-512
529-537
557-560
564-580
584-588"
Q96FF1,,,
Q96FT7,,,
Q96GM5,,,
Q96HA7,594-597,,"532-539
542-551
565-572
575-583
601-607
611-616
634-644
651-668"
Q96HN0,,,
Q96HN5,,,
Q96I24,,,
Q96J02,"109-111
347-349
459-462
499-502
509-511
540-542
607-609
678-680
731-733","18-29
41-47
50-53
64-73
78-85
88-90
93-101
112-126
130-143
332-336
342-346
352-355
365-368
374-377
379-381
444-448
454-458
463-467
484-488
494-498
503-507
545-551
554-556
575-580
611-614
621-624
704-709
716-721
798-801
848-851
855-858
867-869
874-877","102-108
469-471
528-539
557-567
572-574
589-603
626-630
634-650
661-667
675-677
682-692
696-699
724-726
735-747
751-764
767-770
775-783
790-795
807-818
821-832
842-844
870-872
883-895"
Q96J88,,,
Q96JA4,,,
Q96JB1,,,
Q96JC1,,,
Q96JK9,,,
Q96JM2,,"1895-1897
1900-1903
1941-1943",1904-1921
Q96JP2,,"1426-1431
1436-1440
1448-1451
1461-1468
1470-1474
1477-1480",
Q96KB7,,,
Q96KC0,,,
Q96KN7,"1183-1185
1253-1255","1117-1127
1141-1145
1171-1180
1204-1213
1224-1232
1246-1251
1258-1268","1132-1135
1153-1156
1187-1197
1220-1222
1233-1239
1270-1282"
Q96KR1,,,
Q96L91,,,
Q96LK5,,,
Q96M83,,,
Q96M86,,,
Q96M93,,,
Q96MM2,,,
Q96MM7,,,
Q96MP5,,,
Q96MY7,,,
Q96NH3,,,
Q96NU0,,,
Q96PC5,,,
Q96PI1,,,
Q96PN7,,,
Q96PP8,,,
Q96PV6,,,
Q96Q89,,,
Q96QZ7,"321-324
331-333
380-383
1221-1224","304-310
316-320
325-329
363-369
371-373
375-379
384-388
468-476
479-481
483-487
490-493
497-501
518-522
547-554
568-570
640-647
652-654
656-659
663-670
685-689
714-721
839-845
853-857
865-870
887-891
916-922
1150-1156
1163-1168
1176-1181
1198-1202
1225-1231","390-398
463-465
506-510
532-541
699-707
875-879
901-914
1170-1172
1186-1189
1212-1220"
Q96R06,,,
Q96RN5,,,"13-30
38-48
52-71"
Q96RT6,,,
Q96RW7,,,
Q96RZ2,,,
Q96S82,347-349,,"339-346
353-363
367-376"
Q96SN8,,,
Q96T58,"374-376
396-398
550-553
3570-3572
3617-3619
3651-3653","336-340
365-371
378-385
407-410
438-444
464-472
475-485
507-510
517-522
543-549
554-560
575-577
583-586
3507-3515
3518-3529
3541-3543
3547-3549
3551-3554
3573-3580
3608-3614
3624-3629
3657-3663","348-359
360-362
386-395
414-422
451-458
486-496
530-537
538-540
562-572
589-601
609-618
3501-3504
3531-3537
3557-3566
3585-3598
3600-3606
3633-3642
3644-3650"
Q96T67,,,
Q96TA1,,,
Q99217,,,
Q99218,,,
Q99414,,,
Q99415,,,
Q99504,,,
Q99623,,,
Q99626,,187-189,"195-207
213-223
227-254"
Q99700,,,
Q99743,,,
Q99941,,,
Q99996,,,
Q9BQF6,973-975,"747-752
756-758
760-763
801-803
849-857
860-867
933-938","764-768
778-791
795-799
807-812
828-833
837-840
845-847
946-965
992-1005
1023-1027
1029-1046"
Q9BQG0,,,
Q9BQS8,,1276-1282,1285-1287
Q9BRH9,,,
Q9BRK4,,,
Q9BRY6,,,
Q9BSE4,"51-53
74-76","10-15
19-21
24-28
56-58
61-63
78-84","34-44
70-73"
Q9BST4,,,
Q9BTG3,,,
Q9BU40,,,
Q9BUJ2,,,
Q9BUS0,,,
Q9BV44,,,
Q9BV73,,,
Q9BVH7,,,
Q9BVK6,,,
Q9BW04,,,
Q9BW11,,,
Q9BW19,450-452,"311-317
331-333
347-350
371-373
375-378
404-411
453-465
468-471
487-489
497-499
538-554
556-565
633-640","384-389
392-396
397-400
416-420
428-430
433-449
510-526
535-537
596-607
615-617
619-624
625-627
644-646
647-662"
Q9BWT7,,,
Q9BWU1,,,
Q9BXA9,,,
Q9BXI6,,,
Q9BXM9,,,
Q9BY66,"131-133
333-335","106-109
318-320
341-346","81-96
112-122
125-130
134-140
149-159
161-167
324-328
359-366"
Q9BYJ3,,,
Q9BYJ9,489-491,"390-397
434-440
443-452
457-459
465-467
473-485","366-374
399-408
415-428
486-488
495-497
502-504
513-525
532-535
536-550"
Q9BYM8,200-202,"55-66
69-75
99-103
106-108
125-130
194-197
214-216","81-92
96-98
115-117"
Q9BYX2,73-76,"49-54
58-61
65-72
77-83
90-94
99-102
110-114
120-123
149-151","95-97
106-108
127-146"
Q9BZE9,"436-439
449-453","323-325
391-396
402-407
424-426
432-435
445-448
456-463","327-329
342-345
349-368
374-387
413-422
467-469
474-477
483-494"
Q9BZG5,,,
Q9BZG6,,,
Q9BZG7,,,
Q9BZY9,17-19,"24-28
32-35
54-56",37-46
Q9C099,,,
Q9C0D2,,,
Q9C0D5,,,
Q9C0F0,,,
Q9GZR6,,,
Q9H032,,,
Q9H0A0,,,
Q9H0J9,"551-554
581-584","499-502
524-533
559-565
593-600
611-623
626-629
649-653
655-657
660-664
669-679","508-518
535-550
568-570
571-577
601-605
666-668"
Q9H0M0,"509-511
573-575
601-603
749-751
766-769","500-505
513-518
521-523
564-571
594-600
629-636
641-643
723-730
733-740
817-820
867-870
874-876
881-883
886-888
893-895","547-559
576-586
589-593
611-623
626-628
645-649
653-669
680-686
693-699
701-712
715-718
743-745
752-765
770-783
786-791
794-802
809-814
826-837
840-851
860-863
889-891
902-914"
Q9H161,,,"223-235
241-251
255-269"
Q9H1B7,,"716-718
727-729
752-754
767-772","740-751
777-784"
Q9H270,,,
Q9H2D6,,,
Q9H2F5,,,
Q9H2M9,,,
Q9H2X3,,"273-275
278-282
326-331
333-335
362-365
368-372
375-379
385-392","220-232
262-264
289-298
309-322
349-354"
Q9H307,,,
Q9H329,,,
Q9H334,,"481-486
523-526
533-536","470-479
488-498
500-502
506-519
538-543"
Q9H3M9,86-88,"67-69
90-93
111-118
120-126
129-132
137-139
141-143
160-167","14-23
30-48
49-51
56-62
77-85
97-101
106-108
145-152
153-156
173-178"
Q9H3P7,487-489,"373-378
394-397
402-408
414-421
423-425
427-434
444-448
476-485
490-497
503-509
518-527","243-265
270-304
380-387
391-393"
Q9H4A3,"241-244
359-362
421-424
436-438","211-214
216-218
220-228
231-240
245-252
283-288
291-295
297-302
341-343
355-358
364-366
377-380
1248-1251
1257-1261","266-273
309-316
321-340
352-354
369-371
392-396
402-417
428-435
442-446
450-459
464-466
470-474
477-481"
Q9H5E0,,,
Q9H5V1,,,
Q9H6I2,,,"74-87
95-108
111-129"
Q9H6M4,,,
Q9H714,,,
Q9H7C4,,,
Q9H7E2,"51-53
204-206
567-570
592-594","1-21
33-36
38-43
46-50
54-58
561-566
571-579
585-591
597-601
605-607","196-203
209-218
223-233
550-553
602-604"
Q9H7F3,,,
Q9H869,,,
Q9H891,,,
Q9H8W5,"399-401
407-410","403-405
411-413
418-423
429-431
439-447
454-458
461-470
472-485
492-498",
Q9H8Y5,,,
Q9H9Q4,,"14-17
19-30
33-39
44-49
94-100
103-112
115-125","1-9
51-61
69-85
128-134
136-169
186-196
198-201
208-213
215-228"
Q9HBI6,,,
Q9HBL0,,,
Q9HCE0,,,
Q9HCJ0,,,"936-950
954-963
968-976"
Q9HCK8,2320-2322,"2311-2314
2317-2319
2347-2349","2328-2330
2334-2343
2351-2359"
Q9HCS4,,,
Q9HCU0,,,
Q9HDB9,,,
Q9NNW8,,,
Q9NNZ3,,,
Q9NP74,,,
Q9NPE6,,,
Q9NPX3,,,
Q9NPZ5,,"82-88
111-121
137-141
173-175
180-183
202-206
209-212
215-223
226-231
247-250
266-268
313-315","94-105
124-132
157-170
193-198
244-246
251-256
269-271
272-278
283-285
290-293"
Q9NQ48,,,
Q9NQ55,,,
Q9NQV6,"216-218
278-280
293-295","212-214
220-225
248-250
298-302
304-313
323-325","203-206
283-286
327-332"
Q9NR09,"4634-4638
4649-4652
4683-4685
4749-4751","4536-4540
4543-4545
4551-4555
4597-4604
4608-4615
4625-4631
4642-4645","4524-4533
4560-4564
4572-4588
4668-4670
4677-4679
4688-4698
4704-4707
4711-4714
4718-4738
4741-4745
4752-4777
4788-4810"
Q9NR55,,,
Q9NRC6,,,
Q9NRE1,,,
Q9NRR5,,,
Q9NRR6,,"298-307
332-340
360-368
371-378
389-399
402-413
416-424
450-452
468-477
482-484
518-520
540-543
556-564
567-575
581-584
587-594","287-293
319-322
345-356
379-384
432-445
457-459
465-467
486-493
501-505
509-515
611-623"
Q9NS42,,,
Q9NS69,,,
Q9NS89,,,
Q9NSC2,,,
Q9NSY1,"145-148
265-268","43-46
49-59
64-70
75-85
111-118
120-122
124-131
172-174
186-188
194-196","86-102
138-144
152-170
183-185
199-201
209-212
214-224
227-229
232-234
245-261
270-275
288-297
302-304
308-318"
Q9NTG1,,,
Q9NUQ3,,,
Q9NUQ8,,,
Q9NVA2,,,
Q9NVF7,,,
Q9NVH2,,,
Q9NVI7,,,
Q9NVR7,,,
Q9NW13,,,
Q9NW32,,,
Q9NWI7,,,
Q9NX28,,,
Q9NXG0,,,
Q9NXG9,,,
Q9NXJ0,,,
Q9NYB7,,,
Q9NYJ8,"33-36
54-56
671-673
685-687",20-23,"10-19
25-32
40-53"
Q9NZ56,,1706-1708,1714-1719
Q9NZI8,496-498,"406-413
438-441
450-458
488-495
520-522
533-541","414-416
417-421
423-425
426-435
460-476
499-503
505-507
508-517
543-560"
Q9NZM3,"1336-1340
1627-1629","762-766
772-774
783-786
793-801
804-809
812-815
818-821
901-907
924-931
934-939
942-947
951-954
983-987
995-999
1007-1010
1012-1014
1017-1020
1027-1029
1056-1060
1079-1085
1087-1095
1104-1108
1111-1114
1129-1136
1153-1156
1161-1166
1168-1171
1180-1183
1243-1245
1569-1580
1592-1598
1601-1604
1615-1625
1631-1638
1641-1644
1647-1654
1670-1673
1675-1679
1681-1690","948-950
1031-1033
1207-1234
1236-1242
1247-1254
1257-1272
1288-1294
1299-1321
1323-1333
1343-1346
1349-1366
1375-1393
1655-1665"
Q9NZM4,,,
Q9P0J7,,,
Q9P0K7,,,
Q9P0K8,,,
Q9P0U4,209-211,"170-172
182-184","173-176
185-189
191-193
204-206
214-216"
Q9P1Z2,,,
Q9P267,,,
Q9P2B4,,,
Q9P2D1,"2574-2577
2612-2615
2641-2644","2571-2573
2578-2580
2601-2604
2649-2654
2660-2663
2679-2681
2693-2695","2582-2584
2588-2597
2633-2635
2638-2640
2666-2668
2669-2675
2683-2692
2697-2702"
Q9P2F9,,,
Q9P2G3,,,
Q9P2G4,,,
Q9P2J2,,"628-634
636-644
655-662
668-674
680-682
696-700
703-707",
Q9P2M7,,,
Q9UBL0,,,
Q9UBL6,,,
Q9UBT6,"243-248
327-330
448-450","103-108
124-126
128-131
136-139
165-167
196-203
219-222
283-285
309-316
332-334
416-425
456-462
467-470
497-499
506-513","33-44
48-72
78-94
111-119
121-123
141-145
154-160
171-188
205-211
216-218
236-241
249-251
290-305
317-326
339-346
351-353
359-367
373-378
380-386
389-399
428-439
484-496
567-574"
Q9UDV7,,,
Q9UDY2,373-375,"306-311
315-317
321-332
349-353
376-381","337-341
363-372"
Q9UE63,,,
Q9UEY8,,,
Q9UF61,,,
Q9UF64,,,
Q9UFE3,,,
Q9UFG1,,,
Q9UGI6,,,
Q9UGP4,,,
Q9UGP8,,,
Q9UGU0,,,
Q9UGU5,,,
Q9UHD9,,"23-25
33-38
43-48
69-76
79-82
93-102","54-65
87-91"
Q9UIF9,"638-640
1680-1682
1703-1705
1824-1826","561-568
570-580
582-584
618-627
630-636
1691-1693
1695-1698
1700-1702","549-558
590-599
607-609
641-648
1674-1676
1688-1690
1721-1724
1796-1811
1813-1818
1830-1833
1840-1848
1855-1872
1878-1894
1895-1898"
Q9UJ42,,,
Q9UJA5,,"25-30
33-38
44-46
51-53
59-61
64-74
132-134
159-161
202-207
225-232
254-258
369-375
396-404
420-434
441-446
448-450
452-458","54-56
108-116
122-130
135-137
140-154
165-175
177-180
185-194
212-221
239-243
248-251
259-261
262-267
342-365
380-387
388-390
405-417"
Q9UJF2,,,
Q9UJJ9,,,
Q9UJQ4,,,
Q9UKI9,,,
Q9UKJ3,,,
Q9UKV0,,,
Q9UL14,,,
Q9UL54,,,
Q9ULE4,,,
Q9ULL8,,"9-14
25-28
33-37
57-61
85-90","29-31
45-49
71-78"
Q9ULU4,"92-94
179-181
308-310
1029-1031","89-91
104-107
280-283
291-299
302-307
313-317
321-323
325-327
1037-1040
1043-1047","112-115
128-137
139-141
144-147
151-165
171-173
185-188
195-203
210-228
233-254
256-264
269-271
318-320
336-357
375-377
384-386
953-972
975-1023
1048-1058
1059-1061"
Q9ULV3,,,
Q9UMN6,,979-981,"970-973
982-985
988-990
1001-1003
1006-1015
2510-2512"
Q9UMX0,543-547,"37-42
47-52
76-80
83-85
101-106","58-69
73-75
92-94
548-556
562-572
576-583"
Q9UN21,,,
Q9UN79,,,
Q9UNN4,,,
Q9UP82,,,
Q9UPA5,,,
Q9UPM6,,,
Q9UPN3,"94-96
102-108
181-183
309-311","211-213
277-280
302-305
7024-7026
7058-7062
7094-7098
7141-7143
7148-7151
7157-7163
7166-7171
7174-7177","75-93
110-120
132-148
158-162
166-180
196-208
221-223
227-236
243-246
251-264
273-276
283-296
312-332
335-337
358-361
363-386
398-418
7028-7041
7046-7053
7063-7072
7079-7089
7099-7106
7118-7130
7178-7185
7187-7192"
Q9UPN6,79-81,,"3-12
13-16
23-35
37-39
40-53
56-58
59-77
84-89
92-99
104-106
107-119
125-136"
Q9UPQ9,,,
Q9UQB3,,,
Q9UQF2,,,
Q9UQL6,,,1083-1090
Q9Y222,,,"229-242
246-253
257-266"
Q9Y228,,,
Q9Y247,,,
Q9Y250,,,
Q9Y264,,,
Q9Y2D5,,,
Q9Y2G8,,,
Q9Y2J4,,,
Q9Y2K2,,,
Q9Y2K5,166-168,"190-192
215-217
222-227","154-164
169-184
198-211
239-241"
Q9Y2W1,,,
Q9Y2X9,,,
Q9Y3S1,502-504,"458-465
469-481
496-501","483-485
507-516
522-524
525-545"
Q9Y467,,,
Q9Y485,,,
Q9Y4I7,,,
Q9Y4P3,,,
Q9Y520,,,
Q9Y5C1,,,
Q9Y5Q3,,,
Q9Y618,"458-460
474-476
630-632","168-170
414-417
642-644
1116-1118
1424-1428","171-205
419-428
434-446
451-456
463-473
617-629
634-640
646-655
661-679
2348-2358"
Q9Y6D9,"537-539
580-582
645-647","540-547
638-644
648-653
663-667
675-678","487-492
494-528
549-575
599-637
683-685
687-693
700-715"
Q9Y6H1,,,
Q9Y6N6,,,
Q9Y6Q9,,,"619-626
736-743
1049-1060
1069-1075
1078-1084
1086-1088"
Q9Y6R0,"64-66
130-132
164-167","78-91
114-120
122-129
135-140
144-149
156-163
168-179","67-74
96-107
141-143
181-201"
Q9Y6V0,,"4494-4499
4503-4506
4514-4522
4524-4528
4530-4537
4554-4558
4582-4589","4542-4546
4568-4575"
R4GMR4,,,
R4GMU1,,,
R4GND3,,,
R4GNG0,,,
S4R407,,,
T2CYZ2,,,
U3KQ54,,,
U3KQ57,,,
U3KQB1,,,
U3KQN1,,,
V9GY86,,,
V9GYB9,,,
V9GYP6,,,
W5U981,,,
X5D2H2,,,
X5DNC5,,,
X6R4W8,,,
X6RCC3,,,
