Protein ID,PTM Type,PTM Site
P42858,Ubiquitination,K1262 K1402 K1410 K1431 K2417 K442 K941
,Sumoylation,K15 K6 K9
,S-Nitrosylation,C278
,Phosphorylation,S1104 S1111 S114 S1177 S1179 S118 S1195 S1199 S1210 S1229 S13 S1348 S1349 S16 S1805 S1811 S1862 S1864 S1870 S1874 S1880 S2074 S2233 S2340 S2382 S2548 S2651 S2655 S2708 S276 S2764 S2892 S2934 S2948 S2950 S337 S411 S415 S417 S419 S429 S430 S432 S436 S455 S457 S459 S462 S463 S464 S485 S489 S534 S620 S640 S642 S643 S930 T1120 T1173 T1215 T1282 T1322 T1814 T1866 T2335 T2654 T269 T2712 T2938 T3 T405 T486 T654 T796 Y1355 Y1813
,Acetylation,K176 K2337 K234 K343 K442 K6 K9 K96
P54253,Methylation,R53
,Phosphorylation,S238 S253 S312 S366 S406 S408 S711 S739 S775 S811 S82 S88 S91 T235 T257 T769 Y247
,Sumoylation,K16 K194 K609 K696 K745
Q86XK2,Ubiquitination,K197 K828
,Phosphorylation,S118 S143 S97 Y487
,Acetylation,K142
O15265,Sumoylation,K257
,Methylation,R531
,Phosphorylation,S115 S216 S219 S224 S302 S337 S491 S492 S649 S650 S651 S652 S660 S664 S665 S69 S703 S711 S719 S720 S721 S722 S783 S787 S840 S844 S845 S849 S86 T70 T854
,Acetylation,K257
Q9HBL0,Phosphorylation,S1024 S1046 S1048 S1113 S1117 S1119 S1124 S1126 S1133 S1135 S1142 S1143 S1145 S1146 S1150 S1155 S1156 S1157 S1160 S1167 S1177 S1192 S1209 S1232 S1243 S1257 S1269 S1271 S1294 S1297 S1307 S1309 S1314 S1327 S1337 S1340 S1343 S1349 S1371 S1381 S1393 S1400 S1413 S1417 S1420 S1421 S1423 S1426 S1441 S1446 S1490 S1492 S1579 S1583 S1588 S170 S2 S257 S330 S338 S343 S364 S374 S378 S390 S4 S401 S403 S404 S406 S433 S445 S465 S471 S475 S512 S538 S547 S583 S607 S614 S619 S621 S623 S649 S681 S692 S701 S708 S731 S733 S742 S746 S756 S762 S764 S769 S772 S783 S786 S794 S813 S838 S849 S855 S858 S899 S907 S912 S915 S92 S920 S926 S948 S960 S962 S963 S967 S971 S981 T1105 T1107 T1139 T1173 T1184 T1189 T1265 T1266 T1328 T1335 T1383 T1406 T1509 T1589 T1665 T1667 T329 T357 T379 T399 T460 T498 T518 T575 T605 T606 T68 T688 T711 T775 T84 T843 T854 T860 T911 T959 Y1025 Y1055 Y1131 Y1144 Y1149 Y1254 Y1323 Y1326 Y1345 Y1359 Y1404 Y1440 Y1462 Y210 Y217 Y327 Y339 Y366 Y458 Y561 Y582 Y591 Y609 Y766 Y793 Y796 Y798 Y903
